energy,tempo,danceability,playlist_genre,loudness,liveness,valence,track_artist,time_signature,speechiness,track_popularity,track_href,uri,track_album_name,playlist_name,analysis_url,track_id,track_name,track_album_release_date,instrumentalness,track_album_id,mode,key,duration_ms,acousticness,id,playlist_subgenre,type,playlist_id
0.592,157.969,0.521,pop,-7.777,0.122,0.535,"Lady Gaga, Bruno Mars",3,0.0304,100,https://api.spotify.com/v1/tracks/2plbrEY59IikOBgBGLjaoe,spotify:track:2plbrEY59IikOBgBGLjaoe,Die With A Smile,Today's Top Hits,https://api.spotify.com/v1/audio-analysis/2plbrEY59IikOBgBGLjaoe,2plbrEY59IikOBgBGLjaoe,Die With A Smile,2024-08-16,0,10FLjwfpbxLmW8c25Xyc2N,0,6,251668,0.308,2plbrEY59IikOBgBGLjaoe,mainstream,audio_features,37i9dQZF1DXcBWIGoYBM5M
0.507,104.978,0.747,pop,-10.171,0.117,0.438,Billie Eilish,4,0.0358,97,https://api.spotify.com/v1/tracks/6dOtVTDdiauQNBQEDOtlAB,spotify:track:6dOtVTDdiauQNBQEDOtlAB,HIT ME HARD AND SOFT,Today's Top Hits,https://api.spotify.com/v1/audio-analysis/6dOtVTDdiauQNBQEDOtlAB,6dOtVTDdiauQNBQEDOtlAB,BIRDS OF A FEATHER,2024-05-17,0.0608,7aJuG4TFXa2hmE4z1yxc3n,1,2,210373,0.2,6dOtVTDdiauQNBQEDOtlAB,mainstream,audio_features,37i9dQZF1DXcBWIGoYBM5M
0.808,108.548,0.554,pop,-4.169,0.159,0.372,Gracie Abrams,4,0.0368,93,https://api.spotify.com/v1/tracks/7ne4VBA60CxGM75vw0EYad,spotify:track:7ne4VBA60CxGM75vw0EYad,The Secret of Us (Deluxe),Today's Top Hits,https://api.spotify.com/v1/audio-analysis/7ne4VBA60CxGM75vw0EYad,7ne4VBA60CxGM75vw0EYad,That’s So True,2024-10-18,0,0hBRqPYPXhr1RkTDG3n4Mk,1,1,166300,0.214,7ne4VBA60CxGM75vw0EYad,mainstream,audio_features,37i9dQZF1DXcBWIGoYBM5M
0.91,112.966,0.67,pop,-4.07,0.304,0.786,Sabrina Carpenter,4,0.0634,81,https://api.spotify.com/v1/tracks/1d7Ptw3qYcfpdLNL5REhtJ,spotify:track:1d7Ptw3qYcfpdLNL5REhtJ,Short n' Sweet,Today's Top Hits,https://api.spotify.com/v1/audio-analysis/1d7Ptw3qYcfpdLNL5REhtJ,1d7Ptw3qYcfpdLNL5REhtJ,Taste,2024-08-23,0,4B4Elma4nNDUyl6D5PvQkj,0,0,157280,0.0939,1d7Ptw3qYcfpdLNL5REhtJ,mainstream,audio_features,37i9dQZF1DXcBWIGoYBM5M
0.783,149.027,0.777,pop,-4.477,0.355,0.939,"ROSÉ, Bruno Mars",4,0.26,98,https://api.spotify.com/v1/tracks/5vNRhkKd0yEAg8suGBpjeY,spotify:track:5vNRhkKd0yEAg8suGBpjeY,APT.,Today's Top Hits,https://api.spotify.com/v1/audio-analysis/5vNRhkKd0yEAg8suGBpjeY,5vNRhkKd0yEAg8suGBpjeY,APT.,2024-10-18,0,2IYQwwgxgOIn7t3iF6ufFD,0,0,169917,0.0283,5vNRhkKd0yEAg8suGBpjeY,mainstream,audio_features,37i9dQZF1DXcBWIGoYBM5M
0.582,116.712,0.7,pop,-5.96,0.0881,0.785,Chappell Roan,4,0.0356,94,https://api.spotify.com/v1/tracks/0WbMK4wrZ1wFSty9F7FCgu,spotify:track:0WbMK4wrZ1wFSty9F7FCgu,"Good Luck, Babe!",Today's Top Hits,https://api.spotify.com/v1/audio-analysis/0WbMK4wrZ1wFSty9F7FCgu,0WbMK4wrZ1wFSty9F7FCgu,"Good Luck, Babe!",2024-04-05,0,1WAjjRMfZjEXtB0lQrAw6Q,0,11,218424,0.0502,0WbMK4wrZ1wFSty9F7FCgu,mainstream,audio_features,37i9dQZF1DXcBWIGoYBM5M
0.561,150.069,0.669,pop,-6.538,0.0954,0.841,Addison Rae,4,0.0411,88,https://api.spotify.com/v1/tracks/6MzofobZt2dm0Kf1hTThFz,spotify:track:6MzofobZt2dm0Kf1hTThFz,Diet Pepsi,Today's Top Hits,https://api.spotify.com/v1/audio-analysis/6MzofobZt2dm0Kf1hTThFz,6MzofobZt2dm0Kf1hTThFz,Diet Pepsi,2024-08-09,0.00962,0XA403JTounqFh2owquBXu,1,10,169698,0.495,6MzofobZt2dm0Kf1hTThFz,mainstream,audio_features,37i9dQZF1DXcBWIGoYBM5M
0.247,148.101,0.467,pop,-12.002,0.17,0.126,Billie Eilish,4,0.0431,93,https://api.spotify.com/v1/tracks/3QaPy1KgI7nu9FJEQUgn6h,spotify:track:3QaPy1KgI7nu9FJEQUgn6h,HIT ME HARD AND SOFT,Today's Top Hits,https://api.spotify.com/v1/audio-analysis/3QaPy1KgI7nu9FJEQUgn6h,3QaPy1KgI7nu9FJEQUgn6h,WILDFLOWER,2024-05-17,0.000271,7aJuG4TFXa2hmE4z1yxc3n,0,6,261467,0.612,3QaPy1KgI7nu9FJEQUgn6h,mainstream,audio_features,37i9dQZF1DXcBWIGoYBM5M
0.416,94.926,0.492,pop,-10.439,0.203,0.297,Gigi Perez,4,0.0254,71,https://api.spotify.com/v1/tracks/0UYnhUfnUj5adChuAXvLUB,spotify:track:0UYnhUfnUj5adChuAXvLUB,Sailor Song,Today's Top Hits,https://api.spotify.com/v1/audio-analysis/0UYnhUfnUj5adChuAXvLUB,0UYnhUfnUj5adChuAXvLUB,Sailor Song,2024-07-26,8.61e-05,4DWrYvfGXRE8ko5ZxlIpit,1,11,211979,0.686,0UYnhUfnUj5adChuAXvLUB,mainstream,audio_features,37i9dQZF1DXcBWIGoYBM5M
0.722,119.973,0.769,pop,-5.485,0.111,0.57,"The Weeknd, Playboi Carti",4,0.0507,92,https://api.spotify.com/v1/tracks/1Es7AUAhQvapIcoh3qMKDL,spotify:track:1Es7AUAhQvapIcoh3qMKDL,Timeless,Today's Top Hits,https://api.spotify.com/v1/audio-analysis/1Es7AUAhQvapIcoh3qMKDL,1Es7AUAhQvapIcoh3qMKDL,Timeless (with Playboi Carti),2024-09-27,2.56e-06,2IRxVVqbSbqHJo8Zx50LYn,0,11,256000,0.0584,1Es7AUAhQvapIcoh3qMKDL,mainstream,audio_features,37i9dQZF1DXcBWIGoYBM5M
0.667,130.019,0.776,pop,-6.622,0.0761,0.618,"Charli xcx, Billie Eilish",4,0.0983,85,https://api.spotify.com/v1/tracks/3WOhcATHxK2SLNeP5W3v1v,spotify:track:3WOhcATHxK2SLNeP5W3v1v,Guess featuring Billie Eilish,Today's Top Hits,https://api.spotify.com/v1/audio-analysis/3WOhcATHxK2SLNeP5W3v1v,3WOhcATHxK2SLNeP5W3v1v,Guess featuring billie eilish,2024-08-01,0.3,3ThlxfLSy4bfKzxWqmC7VN,1,7,145219,0.0146,3WOhcATHxK2SLNeP5W3v1v,mainstream,audio_features,37i9dQZF1DXcBWIGoYBM5M
0.586,107.071,0.669,pop,-6.073,0.104,0.579,Sabrina Carpenter,4,0.054,88,https://api.spotify.com/v1/tracks/5N3hjp1WNayUPZrA8kJmJP,spotify:track:5N3hjp1WNayUPZrA8kJmJP,Please Please Please,Today's Top Hits,https://api.spotify.com/v1/audio-analysis/5N3hjp1WNayUPZrA8kJmJP,5N3hjp1WNayUPZrA8kJmJP,Please Please Please,2024-06-06,0,5bBaoign62r1i7OV8w7mi9,1,9,186365,0.274,5N3hjp1WNayUPZrA8kJmJP,mainstream,audio_features,37i9dQZF1DXcBWIGoYBM5M
0.806,104.032,0.608,pop,-3.443,0.191,0.587,Tate McRae,4,0.0486,79,https://api.spotify.com/v1/tracks/1f18HzFpegqvH4ibGJyeMJ,spotify:track:1f18HzFpegqvH4ibGJyeMJ,2 hands,Today's Top Hits,https://api.spotify.com/v1/audio-analysis/1f18HzFpegqvH4ibGJyeMJ,1f18HzFpegqvH4ibGJyeMJ,2 hands,2024-11-14,0,2BdJwrx2wMJi7x06wWkUFg,1,1,181821,0.121,1f18HzFpegqvH4ibGJyeMJ,mainstream,audio_features,37i9dQZF1DXcBWIGoYBM5M
0.709,81.012,0.722,pop,-4.95,0.0804,0.604,Shaboozey,4,0.0273,86,https://api.spotify.com/v1/tracks/2FQrifJ1N335Ljm3TjTVVf,spotify:track:2FQrifJ1N335Ljm3TjTVVf,A Bar Song (Tipsy),Today's Top Hits,https://api.spotify.com/v1/audio-analysis/2FQrifJ1N335Ljm3TjTVVf,2FQrifJ1N335Ljm3TjTVVf,A Bar Song (Tipsy),2024-04-12,0,6egBeCLeGITzGSo5VyRjwZ,1,9,171292,0.0633,2FQrifJ1N335Ljm3TjTVVf,mainstream,audio_features,37i9dQZF1DXcBWIGoYBM5M
0.757,139.982,0.742,pop,-4.981,0.305,0.957,Chappell Roan,4,0.0421,88,https://api.spotify.com/v1/tracks/4xdBrk0nFZaP54vvZj0yx7,spotify:track:4xdBrk0nFZaP54vvZj0yx7,The Rise and Fall of a Midwest Princess,Today's Top Hits,https://api.spotify.com/v1/audio-analysis/4xdBrk0nFZaP54vvZj0yx7,4xdBrk0nFZaP54vvZj0yx7,HOT TO GO!,2023-09-22,0,0EiI8ylL0FmWWpgHVTsZjZ,1,6,184841,0.0187,4xdBrk0nFZaP54vvZj0yx7,mainstream,audio_features,37i9dQZF1DXcBWIGoYBM5M
0.917,100.987,0.562,pop,-2.768,0.488,0.501,Lady Gaga,4,0.117,86,https://api.spotify.com/v1/tracks/19KlZwqlT3fguP2BeHF1Q1,spotify:track:19KlZwqlT3fguP2BeHF1Q1,Disease,Today's Top Hits,https://api.spotify.com/v1/audio-analysis/19KlZwqlT3fguP2BeHF1Q1,19KlZwqlT3fguP2BeHF1Q1,Disease,2024-10-25,0,52BWvTRMsPqjHzrbQomgwP,0,11,229997,0.0513,19KlZwqlT3fguP2BeHF1Q1,mainstream,audio_features,37i9dQZF1DXcBWIGoYBM5M
0.787,109.939,0.734,pop,-3.951,0.312,0.672,LISA,4,0.116,82,https://api.spotify.com/v1/tracks/5G345YEhvleYxQLfYUlEFv,spotify:track:5G345YEhvleYxQLfYUlEFv,Moonlit Floor (Kiss Me),Today's Top Hits,https://api.spotify.com/v1/audio-analysis/5G345YEhvleYxQLfYUlEFv,5G345YEhvleYxQLfYUlEFv,Moonlit Floor (Kiss Me),2024-10-08,0,1OGxb1Z5KDBVOwDtyKu8wz,0,5,155757,0.126,5G345YEhvleYxQLfYUlEFv,mainstream,audio_features,37i9dQZF1DXcBWIGoYBM5M
0.843,122.064,0.619,pop,-5.348,0.164,0.746,Morgan Wallen,4,0.0284,86,https://api.spotify.com/v1/tracks/7hR22TOX3RorxJPcsz5Wbo,spotify:track:7hR22TOX3RorxJPcsz5Wbo,Love Somebody,Today's Top Hits,https://api.spotify.com/v1/audio-analysis/7hR22TOX3RorxJPcsz5Wbo,7hR22TOX3RorxJPcsz5Wbo,Love Somebody,2024-10-18,0.000118,0TxewlKVKdpP18dGg279ep,0,5,204829,0.00948,7hR22TOX3RorxJPcsz5Wbo,mainstream,audio_features,37i9dQZF1DXcBWIGoYBM5M
0.406,115.94,0.53,pop,-7.507,0.133,0.338,Gracie Abrams,3,0.033,90,https://api.spotify.com/v1/tracks/51rfRCiUSvxXlCSCfIztBy,spotify:track:51rfRCiUSvxXlCSCfIztBy,The Secret of Us,Today's Top Hits,https://api.spotify.com/v1/audio-analysis/51rfRCiUSvxXlCSCfIztBy,51rfRCiUSvxXlCSCfIztBy,"I Love You, I'm Sorry",2024-06-21,0,56bdWeO40o3WfAD2Lja4dl,1,10,157147,0.656,51rfRCiUSvxXlCSCfIztBy,mainstream,audio_features,37i9dQZF1DXcBWIGoYBM5M
0.782,119.992,0.727,pop,-8.529,0.225,0.655,"Adam Port, Stryv, Keinemusik, Orso, Malachiii",4,0.042,86,https://api.spotify.com/v1/tracks/1BJJbSX6muJVF2AK7uH1x4,spotify:track:1BJJbSX6muJVF2AK7uH1x4,Move,Today's Top Hits,https://api.spotify.com/v1/audio-analysis/1BJJbSX6muJVF2AK7uH1x4,1BJJbSX6muJVF2AK7uH1x4,Move,2024-06-07,0.336,4M8ThNHbNjda2cPwL8XZHS,0,8,177599,0.0563,1BJJbSX6muJVF2AK7uH1x4,mainstream,audio_features,37i9dQZF1DXcBWIGoYBM5M
0.812,80.09,0.505,pop,-3.986,0.444,0.664,"Tyler, The Creator, GloRilla, Sexyy Red, Lil Wayne",4,0.461,88,https://api.spotify.com/v1/tracks/3tFed7YsjGnIfxeLEQwx3R,spotify:track:3tFed7YsjGnIfxeLEQwx3R,CHROMAKOPIA,Today's Top Hits,https://api.spotify.com/v1/audio-analysis/3tFed7YsjGnIfxeLEQwx3R,3tFed7YsjGnIfxeLEQwx3R,"Sticky (feat. GloRilla, Sexyy Red & Lil Wayne)",2024-10-28,0,0U28P0QVB1QRxpqp5IHOlH,1,1,255916,0.285,3tFed7YsjGnIfxeLEQwx3R,mainstream,audio_features,37i9dQZF1DXcBWIGoYBM5M
0.76,103.969,0.701,pop,-5.478,0.185,0.69,Sabrina Carpenter,4,0.0285,90,https://api.spotify.com/v1/tracks/2qSkIjg1o9h3YT9RAgYN75,spotify:track:2qSkIjg1o9h3YT9RAgYN75,Espresso,Today's Top Hits,https://api.spotify.com/v1/audio-analysis/2qSkIjg1o9h3YT9RAgYN75,2qSkIjg1o9h3YT9RAgYN75,Espresso,2024-04-12,6.54e-05,5quMTd5zeI9yW5UDua8wS4,1,0,175459,0.107,2qSkIjg1o9h3YT9RAgYN75,mainstream,audio_features,37i9dQZF1DXcBWIGoYBM5M
0.725,116.988,0.894,pop,-4.984,0.0815,0.838,JENNIE,4,0.0432,89,https://api.spotify.com/v1/tracks/2CspwnypzT7rcWI9RfsoSb,spotify:track:2CspwnypzT7rcWI9RfsoSb,Mantra,Today's Top Hits,https://api.spotify.com/v1/audio-analysis/2CspwnypzT7rcWI9RfsoSb,2CspwnypzT7rcWI9RfsoSb,Mantra,2024-10-10,1.15e-05,3e5tDT1kfaAGx10yOjIDgW,0,10,136627,0.00434,2CspwnypzT7rcWI9RfsoSb,mainstream,audio_features,37i9dQZF1DXcBWIGoYBM5M
0.563,105.008,0.833,pop,-5.593,0.139,0.343,"Rauw Alejandro, Bad Bunny",4,0.204,82,https://api.spotify.com/v1/tracks/0l0vcZMU7AOeQmUIREoI2U,spotify:track:0l0vcZMU7AOeQmUIREoI2U,Cosa Nuestra,Today's Top Hits,https://api.spotify.com/v1/audio-analysis/0l0vcZMU7AOeQmUIREoI2U,0l0vcZMU7AOeQmUIREoI2U,Qué Pasaría...,2024-11-15,1.27e-05,0aX0UXrHG2ceYIxTQcqJdA,0,4,182857,0.528,0l0vcZMU7AOeQmUIREoI2U,mainstream,audio_features,37i9dQZF1DXcBWIGoYBM5M
0.628,119.98,0.757,pop,-6.715,0.221,0.321,Don Toliver,4,0.101,85,https://api.spotify.com/v1/tracks/2c7z5oRcPBbqRaBY2mLWcf,spotify:track:2c7z5oRcPBbqRaBY2mLWcf,HARDSTONE PSYCHO,Today's Top Hits,https://api.spotify.com/v1/audio-analysis/2c7z5oRcPBbqRaBY2mLWcf,2c7z5oRcPBbqRaBY2mLWcf,NEW DROP,2024-06-14,0.0209,0Kzb3u6kMnOJOZXYFSk33F,0,4,217333,0.189,2c7z5oRcPBbqRaBY2mLWcf,mainstream,audio_features,37i9dQZF1DXcBWIGoYBM5M
0.855,127.986,0.638,pop,-4.86,0.245,0.731,"Post Malone, Morgan Wallen",4,0.0264,84,https://api.spotify.com/v1/tracks/7221xIgOnuakPdLqT0F3nP,spotify:track:7221xIgOnuakPdLqT0F3nP,I Had Some Help,Today's Top Hits,https://api.spotify.com/v1/audio-analysis/7221xIgOnuakPdLqT0F3nP,7221xIgOnuakPdLqT0F3nP,I Had Some Help (Feat. Morgan Wallen),2024-05-10,0,1woYXxyyxTQJ0E0AhZE6mj,1,7,178206,0.00757,7221xIgOnuakPdLqT0F3nP,mainstream,audio_features,37i9dQZF1DXcBWIGoYBM5M
0.62,117.038,0.741,pop,-5.505,0.0398,0.934,Hozier,4,0.0412,77,https://api.spotify.com/v1/tracks/4IadxL6BUymXlh8RCJJu7T,spotify:track:4IadxL6BUymXlh8RCJJu7T,Unheard,Today's Top Hits,https://api.spotify.com/v1/audio-analysis/4IadxL6BUymXlh8RCJJu7T,4IadxL6BUymXlh8RCJJu7T,Too Sweet,2024-03-22,0.000809,1KZC0cX0qq6hodR9YVgh9F,1,10,251424,0.0295,4IadxL6BUymXlh8RCJJu7T,mainstream,audio_features,37i9dQZF1DXcBWIGoYBM5M
0.339,97.989,0.705,pop,-10.612,0.12,0.457,The Marías,4,0.0278,84,https://api.spotify.com/v1/tracks/3siwsiaEoU4Kuuc9WKMUy5,spotify:track:3siwsiaEoU4Kuuc9WKMUy5,Submarine,Today's Top Hits,https://api.spotify.com/v1/audio-analysis/3siwsiaEoU4Kuuc9WKMUy5,3siwsiaEoU4Kuuc9WKMUy5,No One Noticed,2024-05-31,0.0814,03guxdOi12XJbnvxvxbpwG,1,7,236907,0.552,3siwsiaEoU4Kuuc9WKMUy5,mainstream,audio_features,37i9dQZF1DXcBWIGoYBM5M
0.651,112.648,0.694,pop,-6.968,0.0787,0.471,"Oscar Maydon, Fuerza Regida",3,0.0784,93,https://api.spotify.com/v1/tracks/1cOboCuWYI2osTOfolMRS6,spotify:track:1cOboCuWYI2osTOfolMRS6,Tu Boda,Today's Top Hits,https://api.spotify.com/v1/audio-analysis/1cOboCuWYI2osTOfolMRS6,1cOboCuWYI2osTOfolMRS6,Tu Boda,2024-09-26,1.36e-05,60cQzWfmdg4hyDXrpW6kOA,1,6,225881,0.496,1cOboCuWYI2osTOfolMRS6,mainstream,audio_features,37i9dQZF1DXcBWIGoYBM5M
0.601,123.994,0.635,pop,-6.129,0.11,0.332,Myles Smith,4,0.0295,88,https://api.spotify.com/v1/tracks/3Vr3zh0r7ALn8VLqCiRR10,spotify:track:3Vr3zh0r7ALn8VLqCiRR10,Stargazing,Today's Top Hits,https://api.spotify.com/v1/audio-analysis/3Vr3zh0r7ALn8VLqCiRR10,3Vr3zh0r7ALn8VLqCiRR10,Stargazing,2024-05-10,0,3VNxRarx9HUI5w7DHv0TBj,0,1,172533,0.246,3Vr3zh0r7ALn8VLqCiRR10,mainstream,audio_features,37i9dQZF1DXcBWIGoYBM5M
0.691,167.029,0.836,pop,-4.222,0.282,0.703,"GloRilla, Sexyy Red",4,0.363,70,https://api.spotify.com/v1/tracks/4VI2Y5xg4gYynQqNQNQbTN,spotify:track:4VI2Y5xg4gYynQqNQNQbTN,WHATCHU KNO ABOUT ME (with Sexyy Red),Today's Top Hits,https://api.spotify.com/v1/audio-analysis/4VI2Y5xg4gYynQqNQNQbTN,4VI2Y5xg4gYynQqNQNQbTN,WHATCHU KNO ABOUT ME (with Sexyy Red),2024-10-10,0,2PzoiaGTcK3NfnMgHFd7QC,1,1,149461,0.00586,4VI2Y5xg4gYynQqNQNQbTN,mainstream,audio_features,37i9dQZF1DXcBWIGoYBM5M
0.646,115.842,0.645,pop,-8.334,0.074,0.295,Ariana Grande,4,0.0427,81,https://api.spotify.com/v1/tracks/46kspZSY3aKmwQe7O77fCC,spotify:track:46kspZSY3aKmwQe7O77fCC,eternal sunshine,Today's Top Hits,https://api.spotify.com/v1/audio-analysis/46kspZSY3aKmwQe7O77fCC,46kspZSY3aKmwQe7O77fCC,we can't be friends (wait for your love),2024-03-08,3.04e-05,71PfP4E9roOXAudea1aPGw,1,5,228639,0.0615,46kspZSY3aKmwQe7O77fCC,mainstream,audio_features,37i9dQZF1DXcBWIGoYBM5M
0.471,105.029,0.472,pop,-5.692,0.14,0.219,Benson Boone,3,0.0603,85,https://api.spotify.com/v1/tracks/6tNQ70jh4OwmPGpYy6R2o9,spotify:track:6tNQ70jh4OwmPGpYy6R2o9,Beautiful Things,Today's Top Hits,https://api.spotify.com/v1/audio-analysis/6tNQ70jh4OwmPGpYy6R2o9,6tNQ70jh4OwmPGpYy6R2o9,Beautiful Things,2024-01-18,0,29aSKB1qPEbN0Qf9OPSQpw,1,10,180304,0.151,6tNQ70jh4OwmPGpYy6R2o9,mainstream,audio_features,37i9dQZF1DXcBWIGoYBM5M
0.709,194.055,0.744,pop,-5.778,0.0847,0.712,"Myke Towers, benny blanco",4,0.284,84,https://api.spotify.com/v1/tracks/0qeIFEGRQqHoaJtLCl0U73,spotify:track:0qeIFEGRQqHoaJtLCl0U73,LA PANTERA NEGRA (DELUXE),Today's Top Hits,https://api.spotify.com/v1/audio-analysis/0qeIFEGRQqHoaJtLCl0U73,0qeIFEGRQqHoaJtLCl0U73,DEGENERE 👑 (feat. benny blanco),2024-10-17,0,3pkIK8SI5mcUUjb9jNjx4H,0,6,130880,0.0501,0qeIFEGRQqHoaJtLCl0U73,mainstream,audio_features,37i9dQZF1DXcBWIGoYBM5M
0.904,167.033,0.739,pop,-2.655,0.0948,0.788,KATSEYE,4,0.0442,85,https://api.spotify.com/v1/tracks/6aJn7Cst74cj4lNIiPRgav,spotify:track:6aJn7Cst74cj4lNIiPRgav,Touch,Today's Top Hits,https://api.spotify.com/v1/audio-analysis/6aJn7Cst74cj4lNIiPRgav,6aJn7Cst74cj4lNIiPRgav,Touch,2024-07-26,1.03e-05,1hjqg3TuQ2YqooaPhxHwdv,0,5,129883,0.549,6aJn7Cst74cj4lNIiPRgav,mainstream,audio_features,37i9dQZF1DXcBWIGoYBM5M
0.604,159.92,0.561,pop,-4.409,0.104,0.242,Teddy Swims,3,0.0337,89,https://api.spotify.com/v1/tracks/17phhZDn6oGtzMe56NuWvj,spotify:track:17phhZDn6oGtzMe56NuWvj,I've Tried Everything But Therapy (Part 1),Today's Top Hits,https://api.spotify.com/v1/audio-analysis/17phhZDn6oGtzMe56NuWvj,17phhZDn6oGtzMe56NuWvj,Lose Control,2023-09-15,1.9e-05,7nacKlk586eLRBSIsrk9DB,1,9,210689,0.199,17phhZDn6oGtzMe56NuWvj,mainstream,audio_features,37i9dQZF1DXcBWIGoYBM5M
0.668,90.969,0.646,pop,-5.203,0.212,0.64,Mark Ambor,4,0.0282,82,https://api.spotify.com/v1/tracks/5uQ7de4EWjb3rkcFxyEOpu,spotify:track:5uQ7de4EWjb3rkcFxyEOpu,Belong Together,Today's Top Hits,https://api.spotify.com/v1/audio-analysis/5uQ7de4EWjb3rkcFxyEOpu,5uQ7de4EWjb3rkcFxyEOpu,Belong Together,2024-02-16,0,3PlCMwyq6nuQYtoYproV1o,1,2,148318,0.491,5uQ7de4EWjb3rkcFxyEOpu,mainstream,audio_features,37i9dQZF1DXcBWIGoYBM5M
0.668,128.027,0.924,pop,-6.795,0.0678,0.787,KAROL G,4,0.0469,93,https://api.spotify.com/v1/tracks/6WatFBLVB0x077xWeoVc2k,spotify:track:6WatFBLVB0x077xWeoVc2k,Si Antes Te Hubiera Conocido,Today's Top Hits,https://api.spotify.com/v1/audio-analysis/6WatFBLVB0x077xWeoVc2k,6WatFBLVB0x077xWeoVc2k,Si Antes Te Hubiera Conocido,2024-06-21,0.000594,5ylbxH7EqpsmHZCRuiYewS,1,11,195824,0.446,6WatFBLVB0x077xWeoVc2k,mainstream,audio_features,37i9dQZF1DXcBWIGoYBM5M
0.454,159.982,0.689,pop,-7.643,0.0707,0.912,Djo,4,0.0584,89,https://api.spotify.com/v1/tracks/3qhlB30KknSejmIvZZLjOD,spotify:track:3qhlB30KknSejmIvZZLjOD,DECIDE,Today's Top Hits,https://api.spotify.com/v1/audio-analysis/3qhlB30KknSejmIvZZLjOD,3qhlB30KknSejmIvZZLjOD,End of Beginning,2022-09-16,0.00259,4JDXBZdRPId4devseaAOKH,1,2,159246,0.0351,3qhlB30KknSejmIvZZLjOD,mainstream,audio_features,37i9dQZF1DXcBWIGoYBM5M
0.386,192.004,0.504,pop,-10.976,0.0961,0.281,"Taylor Swift, Post Malone",4,0.0308,84,https://api.spotify.com/v1/tracks/2OzhQlSqBEmt7hmkYxfT6m,spotify:track:2OzhQlSqBEmt7hmkYxfT6m,THE TORTURED POETS DEPARTMENT,Today's Top Hits,https://api.spotify.com/v1/audio-analysis/2OzhQlSqBEmt7hmkYxfT6m,2OzhQlSqBEmt7hmkYxfT6m,Fortnight (feat. Post Malone),2024-04-18,1.53e-05,1Mo4aZ8pdj6L1jx8zSwJnt,1,11,228965,0.502,2OzhQlSqBEmt7hmkYxfT6m,mainstream,audio_features,37i9dQZF1DXcBWIGoYBM5M
0.681,155.079,0.56,pop,-6.304,0.106,0.388,"Omar Courtz, De La Rose",4,0.244,89,https://api.spotify.com/v1/tracks/0Sr7ssScx54yxdM2ols7nW,spotify:track:0Sr7ssScx54yxdM2ols7nW,PRIMERA MUSA,Today's Top Hits,https://api.spotify.com/v1/audio-analysis/0Sr7ssScx54yxdM2ols7nW,0Sr7ssScx54yxdM2ols7nW,Q U E V A S H A C E R H O Y ?,2024-09-20,0,3C5uwdRE5QRoXSGPPxpDd4,0,6,223320,0.103,0Sr7ssScx54yxdM2ols7nW,mainstream,audio_features,37i9dQZF1DXcBWIGoYBM5M
0.472,101.061,0.898,pop,-7.001,0.141,0.214,Kendrick Lamar,4,0.0776,88,https://api.spotify.com/v1/tracks/6AI3ezQ4o3HUoP6Dhudph3,spotify:track:6AI3ezQ4o3HUoP6Dhudph3,Not Like Us,Today's Top Hits,https://api.spotify.com/v1/audio-analysis/6AI3ezQ4o3HUoP6Dhudph3,6AI3ezQ4o3HUoP6Dhudph3,Not Like Us,2024-05-04,0,5JjnoGJyOxfSZUZtk2rRwZ,1,1,274192,0.0107,6AI3ezQ4o3HUoP6Dhudph3,mainstream,audio_features,37i9dQZF1DXcBWIGoYBM5M
0.711,146.921,0.487,pop,-4.22,0.152,0.317,Jin,4,0.0322,85,https://api.spotify.com/v1/tracks/4p7DTkyrKqT98xlIwYYfXz,spotify:track:4p7DTkyrKqT98xlIwYYfXz,Happy,Today's Top Hits,https://api.spotify.com/v1/audio-analysis/4p7DTkyrKqT98xlIwYYfXz,4p7DTkyrKqT98xlIwYYfXz,Running Wild,2024-11-15,0,0fKlaQuBMQYFo5aIFoGIXt,1,8,151647,0.000175,4p7DTkyrKqT98xlIwYYfXz,mainstream,audio_features,37i9dQZF1DXcBWIGoYBM5M
0.712,91.98,0.848,pop,-3.574,0.106,0.692,"KAROL G, Feid, DFZM, Ovy On The Drums, J Balvin, Maluma, Ryan Castro, Blessd",4,0.0981,84,https://api.spotify.com/v1/tracks/3mg9jYNC1NihbthlglzrWP,spotify:track:3mg9jYNC1NihbthlglzrWP,+57,Today's Top Hits,https://api.spotify.com/v1/audio-analysis/3mg9jYNC1NihbthlglzrWP,3mg9jYNC1NihbthlglzrWP,+57,2024-11-08,0,5TT8KluomuelzsNF7T1U37,0,1,298131,0.221,3mg9jYNC1NihbthlglzrWP,mainstream,audio_features,37i9dQZF1DXcBWIGoYBM5M
0.645,114.933,0.882,pop,-7.233,0.057,0.788,Ndotz,4,0.0601,87,https://api.spotify.com/v1/tracks/0io16MKpbeDIdYzmGpQaES,spotify:track:0io16MKpbeDIdYzmGpQaES,Embrace It,Today's Top Hits,https://api.spotify.com/v1/audio-analysis/0io16MKpbeDIdYzmGpQaES,0io16MKpbeDIdYzmGpQaES,Embrace It,2024-08-23,4.13e-05,0mV9Pfr1GfoZLkp1EAau9P,1,1,104419,0.475,0io16MKpbeDIdYzmGpQaES,mainstream,audio_features,37i9dQZF1DXcBWIGoYBM5M
0.872,184.115,0.466,pop,-3.344,0.121,0.806,Linkin Park,4,0.0336,89,https://api.spotify.com/v1/tracks/2PnlsTsOTLE5jnBnNe2K0A,spotify:track:2PnlsTsOTLE5jnBnNe2K0A,The Emptiness Machine,Today's Top Hits,https://api.spotify.com/v1/audio-analysis/2PnlsTsOTLE5jnBnNe2K0A,2PnlsTsOTLE5jnBnNe2K0A,The Emptiness Machine,2024-09-05,0,6W0Gabv5f3ugnckc6YgfJQ,1,7,190428,0.0156,2PnlsTsOTLE5jnBnNe2K0A,mainstream,audio_features,37i9dQZF1DXcBWIGoYBM5M
0.756,116.034,0.66,pop,-3.743,0.193,0.838,Jimin,4,0.032,92,https://api.spotify.com/v1/tracks/7tI8dRuH2Yc6RuoTjxo4dU,spotify:track:7tI8dRuH2Yc6RuoTjxo4dU,MUSE,Today's Top Hits,https://api.spotify.com/v1/audio-analysis/7tI8dRuH2Yc6RuoTjxo4dU,7tI8dRuH2Yc6RuoTjxo4dU,Who,2024-07-19,0,15XcLhiVMlSOipUddTNDnr,0,0,170888,0.00289,7tI8dRuH2Yc6RuoTjxo4dU,mainstream,audio_features,37i9dQZF1DXcBWIGoYBM5M
0.508,147.125,0.579,rock,-9.484,0.0575,0.609,Eagles,4,0.027,81,https://api.spotify.com/v1/tracks/40riOy7x9W7GXjyGp4pjAv,spotify:track:40riOy7x9W7GXjyGp4pjAv,Hotel California (2013 Remaster),Rock Classics,https://api.spotify.com/v1/audio-analysis/40riOy7x9W7GXjyGp4pjAv,40riOy7x9W7GXjyGp4pjAv,Hotel California - 2013 Remaster,1976-12-08,0.000494,2widuo17g5CEC66IbzveRu,1,2,391376,0.00574,40riOy7x9W7GXjyGp4pjAv,classic,audio_features,37i9dQZF1DWXRqgorJj26U
0.89,133.52,0.502,rock,-5.175,0.217,0.259,AC/DC,4,0.0364,83,https://api.spotify.com/v1/tracks/57bgtoPSgt236HzfBOd8kj,spotify:track:57bgtoPSgt236HzfBOd8kj,The Razors Edge,Rock Classics,https://api.spotify.com/v1/audio-analysis/57bgtoPSgt236HzfBOd8kj,57bgtoPSgt236HzfBOd8kj,Thunderstruck,1990-09-24,0.0117,4vu7F6h90Br1ZtYYaqfITy,1,4,292880,0.000147,57bgtoPSgt236HzfBOd8kj,classic,audio_features,37i9dQZF1DWXRqgorJj26U
0.446,123.596,0.743,rock,-7.807,0.337,0.278,The White Stripes,4,0.0683,82,https://api.spotify.com/v1/tracks/3dPQuX8Gs42Y7b454ybpMR,spotify:track:3dPQuX8Gs42Y7b454ybpMR,Elephant,Rock Classics,https://api.spotify.com/v1/audio-analysis/3dPQuX8Gs42Y7b454ybpMR,3dPQuX8Gs42Y7b454ybpMR,Seven Nation Army,2003-04-01,0.118,6D9urpsOWWKtYvF6PaorGE,0,4,232107,0.0039,3dPQuX8Gs42Y7b454ybpMR,classic,audio_features,37i9dQZF1DWXRqgorJj26U
0.43,91.844,0.515,rock,-9.935,0.129,0.104,Radiohead,4,0.0372,86,https://api.spotify.com/v1/tracks/70LcF31zb1H0PyJoS1Sx1r,spotify:track:70LcF31zb1H0PyJoS1Sx1r,Pablo Honey,Rock Classics,https://api.spotify.com/v1/audio-analysis/70LcF31zb1H0PyJoS1Sx1r,70LcF31zb1H0PyJoS1Sx1r,Creep,1993-02-22,0.000133,3gBVdu4a1MMJVMy6vwPEb8,1,7,238640,0.0097,70LcF31zb1H0PyJoS1Sx1r,classic,audio_features,37i9dQZF1DWXRqgorJj26U
0.824,120.125,0.5,rock,-5.846,0.0916,0.539,Nirvana,4,0.0388,76,https://api.spotify.com/v1/tracks/4P5KoWXOxwuobLmHXLMobV,spotify:track:4P5KoWXOxwuobLmHXLMobV,Nevermind (Remastered),Rock Classics,https://api.spotify.com/v1/audio-analysis/4P5KoWXOxwuobLmHXLMobV,4P5KoWXOxwuobLmHXLMobV,Come As You Are,1991-09-26,0.00161,2guirTSEqLizK7j9i1MTTZ,0,4,218920,0.00016,4P5KoWXOxwuobLmHXLMobV,classic,audio_features,37i9dQZF1DWXRqgorJj26U
0.767,96.483,0.592,rock,-2.788,0.127,0.328,Red Hot Chili Peppers,4,0.027,81,https://api.spotify.com/v1/tracks/48UPSzbZjgc449aqz8bxox,spotify:track:48UPSzbZjgc449aqz8bxox,Californication (Deluxe Edition),Rock Classics,https://api.spotify.com/v1/audio-analysis/48UPSzbZjgc449aqz8bxox,48UPSzbZjgc449aqz8bxox,Californication,1999-06-08,0.00165,2Y9IRtehByVkegoD7TcLfi,0,9,329733,0.0021,48UPSzbZjgc449aqz8bxox,classic,audio_features,37i9dQZF1DWXRqgorJj26U
0.952,125.304,0.445,rock,-5.321,0.112,0.624,Guns N' Roses,4,0.0522,84,https://api.spotify.com/v1/tracks/7snQQk1zcKl8gZ92AnueZW,spotify:track:7snQQk1zcKl8gZ92AnueZW,Appetite For Destruction,Rock Classics,https://api.spotify.com/v1/audio-analysis/7snQQk1zcKl8gZ92AnueZW,7snQQk1zcKl8gZ92AnueZW,Sweet Child O' Mine,1987-07-21,0.0843,28yHV3Gdg30AiB8h8em1eW,1,6,356067,0.09,7snQQk1zcKl8gZ92AnueZW,classic,audio_features,37i9dQZF1DWXRqgorJj26U
0.795,158.691,0.464,rock,-9.267,0.399,0.612,The Rolling Stones,4,0.0926,81,https://api.spotify.com/v1/tracks/63T7DJ1AFDD6Bn8VzG6JE8,spotify:track:63T7DJ1AFDD6Bn8VzG6JE8,Aftermath,Rock Classics,https://api.spotify.com/v1/audio-analysis/63T7DJ1AFDD6Bn8VzG6JE8,63T7DJ1AFDD6Bn8VzG6JE8,"Paint It, Black",1966-04-15,0.00244,72qrnM4yUNMDDlWiqKc8iY,1,1,202267,0.0493,63T7DJ1AFDD6Bn8VzG6JE8,classic,audio_features,37i9dQZF1DWXRqgorJj26U
0.492,120.151,0.828,rock,-9.744,0.128,0.789,Fleetwood Mac,4,0.0276,84,https://api.spotify.com/v1/tracks/0ofHAoxe9vBkTCp2UQIavz,spotify:track:0ofHAoxe9vBkTCp2UQIavz,Rumours (Super Deluxe),Rock Classics,https://api.spotify.com/v1/audio-analysis/0ofHAoxe9vBkTCp2UQIavz,0ofHAoxe9vBkTCp2UQIavz,Dreams - 2004 Remaster,1977-02-04,0.00428,0BwWUstDMUbgq2NYONRqlu,1,0,257800,0.0644,0ofHAoxe9vBkTCp2UQIavz,classic,audio_features,37i9dQZF1DWXRqgorJj26U
0.881,158.066,0.413,rock,-5.541,0.0805,0.364,Foo Fighters,4,0.0367,81,https://api.spotify.com/v1/tracks/5UWwZ5lm5PKu6eKsHAGxOk,spotify:track:5UWwZ5lm5PKu6eKsHAGxOk,The Colour And The Shape,Rock Classics,https://api.spotify.com/v1/audio-analysis/5UWwZ5lm5PKu6eKsHAGxOk,5UWwZ5lm5PKu6eKsHAGxOk,Everlong,1997-05-20,0.000308,30ly6F6Xl0TKmyBCU50Khv,0,11,250547,5.99e-05,5UWwZ5lm5PKu6eKsHAGxOk,classic,audio_features,37i9dQZF1DWXRqgorJj26U
0.716,94.379,0.535,rock,-5.025,0.659,0.901,Joan Jett & the Blackhearts,4,0.0431,77,https://api.spotify.com/v1/tracks/2Cdvbe2G4hZsnhNMKyGrie,spotify:track:2Cdvbe2G4hZsnhNMKyGrie,I Love Rock 'N' Roll (Expanded Edition),Rock Classics,https://api.spotify.com/v1/audio-analysis/2Cdvbe2G4hZsnhNMKyGrie,2Cdvbe2G4hZsnhNMKyGrie,I Love Rock 'N Roll,1981-11-18,0,555qwe1qUgLdee80TZ2CQt,1,4,175173,0.326,2Cdvbe2G4hZsnhNMKyGrie,classic,audio_features,37i9dQZF1DWXRqgorJj26U
0.322,93.503,0.475,rock,-10.687,0.11,0.387,Kansas,4,0.0283,79,https://api.spotify.com/v1/tracks/6zeE5tKyr8Nu882DQhhSQI,spotify:track:6zeE5tKyr8Nu882DQhhSQI,Point Of Know Return (Expanded Edition),Rock Classics,https://api.spotify.com/v1/audio-analysis/6zeE5tKyr8Nu882DQhhSQI,6zeE5tKyr8Nu882DQhhSQI,Dust in the Wind,1977,0.00056,6oU298pdPTCQnMx1PYwyUA,1,7,206267,0.367,6zeE5tKyr8Nu882DQhhSQI,classic,audio_features,37i9dQZF1DWXRqgorJj26U
0.394,104.114,0.693,rock,-15.882,0.247,0.721,Pink Floyd,4,0.0428,74,https://api.spotify.com/v1/tracks/4gMgiXfqyzZLMhsksGmbQV,spotify:track:4gMgiXfqyzZLMhsksGmbQV,The Wall,Rock Classics,https://api.spotify.com/v1/audio-analysis/4gMgiXfqyzZLMhsksGmbQV,4gMgiXfqyzZLMhsksGmbQV,"Another Brick in the Wall, Pt. 2",1979-11-30,0.000694,5Dbax7G8SWrP9xyzkOvy2F,1,0,238747,0.0782,4gMgiXfqyzZLMhsksGmbQV,classic,audio_features,37i9dQZF1DWXRqgorJj26U
0.899,152.445,0.475,rock,-4.321,0.14,0.603,Bon Jovi,4,0.0637,72,https://api.spotify.com/v1/tracks/0X1sqQ652p1sceKM2nJlIJ,spotify:track:0X1sqQ652p1sceKM2nJlIJ,Bon Jovi,Rock Classics,https://api.spotify.com/v1/audio-analysis/0X1sqQ652p1sceKM2nJlIJ,0X1sqQ652p1sceKM2nJlIJ,Runaway,1984-01-23,1.91e-05,1UUOBzIHw0noiRGRpbt3sz,0,9,230667,0.00375,0X1sqQ652p1sceKM2nJlIJ,classic,audio_features,37i9dQZF1DWXRqgorJj26U
0.943,85.064,0.442,rock,-3.205,0.091,0.781,Green Day,4,0.0602,80,https://api.spotify.com/v1/tracks/6L89mwZXSOwYl76YXfX13s,spotify:track:6L89mwZXSOwYl76YXfX13s,Dookie,Rock Classics,https://api.spotify.com/v1/audio-analysis/6L89mwZXSOwYl76YXfX13s,6L89mwZXSOwYl76YXfX13s,Basket Case,1994-02-01,8.71e-06,4uG8q3GPuWHQlRbswMIRS6,1,3,181533,0.00293,6L89mwZXSOwYl76YXfX13s,classic,audio_features,37i9dQZF1DWXRqgorJj26U
0.345,84.581,0.559,rock,-13.496,0.141,0.458,Red Hot Chili Peppers,4,0.0459,82,https://api.spotify.com/v1/tracks/3d9DChrdc6BOeFsbrZ3Is0,spotify:track:3d9DChrdc6BOeFsbrZ3Is0,Blood Sugar Sex Magik (Deluxe Edition),Rock Classics,https://api.spotify.com/v1/audio-analysis/3d9DChrdc6BOeFsbrZ3Is0,3d9DChrdc6BOeFsbrZ3Is0,Under the Bridge,1991-09-24,0.000105,30Perjew8HyGkdSmqguYyg,1,4,264307,0.0576,3d9DChrdc6BOeFsbrZ3Is0,classic,audio_features,37i9dQZF1DWXRqgorJj26U
0.814,147.193,0.673,rock,-5.411,0.343,0.728,Billy Idol,4,0.0367,70,https://api.spotify.com/v1/tracks/1gzIbdFnGJ226LTl0Cn2SX,spotify:track:1gzIbdFnGJ226LTl0Cn2SX,Billy Idol,Rock Classics,https://api.spotify.com/v1/audio-analysis/1gzIbdFnGJ226LTl0Cn2SX,1gzIbdFnGJ226LTl0Cn2SX,White Wedding - Pt. 1,1982-01-01,0.00293,5ebh0MxkqELmk50xHj2b4k,1,9,252200,0.0134,1gzIbdFnGJ226LTl0Cn2SX,classic,audio_features,37i9dQZF1DWXRqgorJj26U
0.767,127.361,0.532,rock,-5.509,0.39,0.755,AC/DC,4,0.0574,81,https://api.spotify.com/v1/tracks/2SiXAy7TuUkycRVbbWDEpo,spotify:track:2SiXAy7TuUkycRVbbWDEpo,Back In Black,Rock Classics,https://api.spotify.com/v1/audio-analysis/2SiXAy7TuUkycRVbbWDEpo,2SiXAy7TuUkycRVbbWDEpo,You Shook Me All Night Long,1980-07-25,0.000513,6mUdeDZCsExyJLMdAfDuwh,1,7,210173,0.00287,2SiXAy7TuUkycRVbbWDEpo,classic,audio_features,37i9dQZF1DWXRqgorJj26U
0.863,136.302,0.723,rock,-7.89,0.128,0.931,The Rolling Stones,4,0.0338,76,https://api.spotify.com/v1/tracks/2PzU4IB8Dr6mxV3lHuaG34,spotify:track:2PzU4IB8Dr6mxV3lHuaG34,Out Of Our Heads,Rock Classics,https://api.spotify.com/v1/audio-analysis/2PzU4IB8Dr6mxV3lHuaG34,2PzU4IB8Dr6mxV3lHuaG34,(I Can't Get No) Satisfaction - Mono Version,1965-07-30,0.0317,2Q5MwpTmtjscaS34mJFXQQ,1,2,222813,0.0383,2PzU4IB8Dr6mxV3lHuaG34,classic,audio_features,37i9dQZF1DWXRqgorJj26U
0.449,100.456,0.486,rock,-10.298,0.54,0.549,David Bowie,4,0.0267,76,https://api.spotify.com/v1/tracks/0pQskrTITgmCMyr85tb9qq,spotify:track:0pQskrTITgmCMyr85tb9qq,The Rise and Fall of Ziggy Stardust and the Spiders from Mars (2012 Remaster),Rock Classics,https://api.spotify.com/v1/audio-analysis/0pQskrTITgmCMyr85tb9qq,0pQskrTITgmCMyr85tb9qq,Starman - 2012 Remaster,1972-06-06,2.23e-06,48D1hRORqJq52qsnUYZX56,1,5,254293,0.166,0pQskrTITgmCMyr85tb9qq,classic,audio_features,37i9dQZF1DWXRqgorJj26U
0.902,89.74,0.412,rock,-11.6,0.405,0.422,Led Zeppelin,4,0.405,72,https://api.spotify.com/v1/tracks/0hCB0YR03f6AmQaHbwWDe8,spotify:track:0hCB0YR03f6AmQaHbwWDe8,Led Zeppelin II (1994 Remaster),Rock Classics,https://api.spotify.com/v1/audio-analysis/0hCB0YR03f6AmQaHbwWDe8,0hCB0YR03f6AmQaHbwWDe8,Whole Lotta Love - 1990 Remaster,1969-10-22,0.131,70lQYZtypdCALtFVlQAcvx,1,9,333893,0.0484,0hCB0YR03f6AmQaHbwWDe8,classic,audio_features,37i9dQZF1DWXRqgorJj26U
0.722,103.886,0.55,rock,-11.729,0.11,0.716,The Doors,4,0.0283,70,https://api.spotify.com/v1/tracks/14XWXWv5FoCbFzLksawpEe,spotify:track:14XWXWv5FoCbFzLksawpEe,L.A. Woman,Rock Classics,https://api.spotify.com/v1/audio-analysis/14XWXWv5FoCbFzLksawpEe,14XWXWv5FoCbFzLksawpEe,Riders on the Storm,1971-04-19,0.0129,7IKUTIc9UWuVngyGPtqNHS,0,11,434720,0.25,14XWXWv5FoCbFzLksawpEe,classic,audio_features,37i9dQZF1DWXRqgorJj26U
0.944,105.338,0.394,rock,-6.506,0.298,0.265,Pearl Jam,4,0.0761,77,https://api.spotify.com/v1/tracks/6QewNVIDKdSl8Y3ycuHIei,spotify:track:6QewNVIDKdSl8Y3ycuHIei,Ten,Rock Classics,https://api.spotify.com/v1/audio-analysis/6QewNVIDKdSl8Y3ycuHIei,6QewNVIDKdSl8Y3ycuHIei,Even Flow,1991-08-27,4.54e-06,5B4PYA7wNN4WdEXdIJu58a,0,10,292581,0.00178,6QewNVIDKdSl8Y3ycuHIei,classic,audio_features,37i9dQZF1DWXRqgorJj26U
0.952,122.093,0.398,rock,-6.042,0.1,0.584,Bruce Springsteen,4,0.061,72,https://api.spotify.com/v1/tracks/0dOg1ySSI7NkpAe89Zo0b9,spotify:track:0dOg1ySSI7NkpAe89Zo0b9,Born In The U.S.A.,Rock Classics,https://api.spotify.com/v1/audio-analysis/0dOg1ySSI7NkpAe89Zo0b9,0dOg1ySSI7NkpAe89Zo0b9,Born in the U.S.A.,1984-06-04,7.75e-05,0PMasrHdpaoIRuHuhHp72O,1,4,278680,0.000373,0dOg1ySSI7NkpAe89Zo0b9,classic,audio_features,37i9dQZF1DWXRqgorJj26U
0.917,171.176,0.356,rock,-6.006,0.406,0.518,The Verve,4,0.0479,79,https://api.spotify.com/v1/tracks/57iDDD9N9tTWe75x6qhStw,spotify:track:57iDDD9N9tTWe75x6qhStw,Urban Hymns (Remastered 2016),Rock Classics,https://api.spotify.com/v1/audio-analysis/57iDDD9N9tTWe75x6qhStw,57iDDD9N9tTWe75x6qhStw,Bitter Sweet Symphony - Remastered 2016,1997-09-29,0,52AeC4gwbxDfFlLHgK1ByD,1,9,357267,0.0335,57iDDD9N9tTWe75x6qhStw,classic,audio_features,37i9dQZF1DWXRqgorJj26U
0.589,124.634,0.455,rock,-8.64,0.104,0.254,Guns N' Roses,4,0.0328,75,https://api.spotify.com/v1/tracks/2N2yrmodOnVF10mKvItC9P,spotify:track:2N2yrmodOnVF10mKvItC9P,Use Your Illusion I,Rock Classics,https://api.spotify.com/v1/audio-analysis/2N2yrmodOnVF10mKvItC9P,2N2yrmodOnVF10mKvItC9P,Don't Cry (Original),1991-09-17,0.00358,0CxPbTRARqKUYighiEY9Sz,1,11,283733,0.00184,2N2yrmodOnVF10mKvItC9P,classic,audio_features,37i9dQZF1DWXRqgorJj26U
0.805,113.253,0.438,rock,-6.237,0.0842,0.564,Jimi Hendrix,4,0.0624,72,https://api.spotify.com/v1/tracks/2aoo2jlRnM3A0NyLQqMN2f,spotify:track:2aoo2jlRnM3A0NyLQqMN2f,Electric Ladyland,Rock Classics,https://api.spotify.com/v1/audio-analysis/2aoo2jlRnM3A0NyLQqMN2f,2aoo2jlRnM3A0NyLQqMN2f,All Along the Watchtower,1968-10-25,5.69e-05,5z090LQztiqh13wYspQvKQ,1,8,240800,0.00255,2aoo2jlRnM3A0NyLQqMN2f,classic,audio_features,37i9dQZF1DWXRqgorJj26U
0.239,189.507,0.446,rock,-13.945,0.0697,0.298,Phil Collins,4,0.0316,76,https://api.spotify.com/v1/tracks/18AXbzPzBS8Y3AkgSxzJPb,spotify:track:18AXbzPzBS8Y3AkgSxzJPb,Face Value (Deluxe Editon),Rock Classics,https://api.spotify.com/v1/audio-analysis/18AXbzPzBS8Y3AkgSxzJPb,18AXbzPzBS8Y3AkgSxzJPb,In The Air Tonight - 2015 Remastered,1981-01-01,4.1e-06,1cM3r0WQZWNkCpEbmFjLln,1,0,336453,0.551,18AXbzPzBS8Y3AkgSxzJPb,classic,audio_features,37i9dQZF1DWXRqgorJj26U
0.521,123.118,0.721,rock,-8.123,0.127,0.942,Talking Heads,4,0.0613,76,https://api.spotify.com/v1/tracks/1i6N76fftMZhijOzFQ5ZtL,spotify:track:1i6N76fftMZhijOzFQ5ZtL,Talking Heads '77 (Deluxe Version),Rock Classics,https://api.spotify.com/v1/audio-analysis/1i6N76fftMZhijOzFQ5ZtL,1i6N76fftMZhijOzFQ5ZtL,Psycho Killer - 2005 Remaster,1977-09-16,0.00545,5eqcF7pWzHgWpGdEmHgeSN,1,2,261413,0.0708,1i6N76fftMZhijOzFQ5ZtL,classic,audio_features,37i9dQZF1DWXRqgorJj26U
0.67,129.269,0.619,rock,-10.322,0.331,0.777,Lenny Kravitz,4,0.0353,71,https://api.spotify.com/v1/tracks/45Ia1U4KtIjAPPU7Wv1Sea,spotify:track:45Ia1U4KtIjAPPU7Wv1Sea,Are You Gonna Go My Way,Rock Classics,https://api.spotify.com/v1/audio-analysis/45Ia1U4KtIjAPPU7Wv1Sea,45Ia1U4KtIjAPPU7Wv1Sea,Are You Gonna Go My Way,1993-03-09,0.0109,35LzZH7Fgog8lf1hfcdoMQ,0,11,211933,0.00165,45Ia1U4KtIjAPPU7Wv1Sea,classic,audio_features,37i9dQZF1DWXRqgorJj26U
0.828,105.25,0.539,rock,-9.108,0.154,0.562,Metallica,4,0.035,70,https://api.spotify.com/v1/tracks/54bm2e3tk8cliUz3VSdCPZ,spotify:track:54bm2e3tk8cliUz3VSdCPZ,Master of Puppets (Remastered Deluxe Box Set),Rock Classics,https://api.spotify.com/v1/audio-analysis/54bm2e3tk8cliUz3VSdCPZ,54bm2e3tk8cliUz3VSdCPZ,Master of Puppets (Remastered),1986-03-03,0.421,7CGhx630DIjdJqaBDVKc5j,0,4,515387,0.00067,54bm2e3tk8cliUz3VSdCPZ,classic,audio_features,37i9dQZF1DWXRqgorJj26U
0.487,114.965,0.73,rock,-10.991,0.0852,0.731,Fleetwood Mac,4,0.0303,79,https://api.spotify.com/v1/tracks/254bXAqt3zP6P50BdQvEsq,spotify:track:254bXAqt3zP6P50BdQvEsq,Tango In the Night (Deluxe Edition),Rock Classics,https://api.spotify.com/v1/audio-analysis/254bXAqt3zP6P50BdQvEsq,254bXAqt3zP6P50BdQvEsq,Everywhere - 2017 Remaster,1987-04-13,0.01,4AsXQ17Arq1cUVoa9dKJ3F,1,4,226653,0.258,254bXAqt3zP6P50BdQvEsq,classic,audio_features,37i9dQZF1DWXRqgorJj26U
0.697,116.109,0.741,rock,-7.028,0.133,0.774,Creedence Clearwater Revival,4,0.0277,84,https://api.spotify.com/v1/tracks/2LawezPeJhN4AWuSB0GtAU,spotify:track:2LawezPeJhN4AWuSB0GtAU,Pendulum (Expanded Edition),Rock Classics,https://api.spotify.com/v1/audio-analysis/2LawezPeJhN4AWuSB0GtAU,2LawezPeJhN4AWuSB0GtAU,Have You Ever Seen The Rain,1970-12-07,2.28e-05,372cMadhAGlNuDnc8TssqF,1,0,160133,0.0664,2LawezPeJhN4AWuSB0GtAU,classic,audio_features,37i9dQZF1DWXRqgorJj26U
0.579,127.215,0.62,rock,-9.307,0.0858,0.691,The Cars,4,0.0473,69,https://api.spotify.com/v1/tracks/4alHo6RGd0D3OUbTPExTHN,spotify:track:4alHo6RGd0D3OUbTPExTHN,The Cars,Rock Classics,https://api.spotify.com/v1/audio-analysis/4alHo6RGd0D3OUbTPExTHN,4alHo6RGd0D3OUbTPExTHN,Just What I Needed,1978-06-06,6.4e-05,4tJPWT4r4FSKwy784Qs1Fq,1,4,225627,0.0152,4alHo6RGd0D3OUbTPExTHN,classic,audio_features,37i9dQZF1DWXRqgorJj26U
0.912,116.761,0.502,rock,-4.556,0.106,0.72,Nirvana,4,0.0564,76,https://api.spotify.com/v1/tracks/5ghIJDpPoe3CfHMGu71E6T,spotify:track:5ghIJDpPoe3CfHMGu71E6T,Nevermind (Remastered),Rock Classics,https://api.spotify.com/v1/audio-analysis/5ghIJDpPoe3CfHMGu71E6T,5ghIJDpPoe3CfHMGu71E6T,Smells Like Teen Spirit,1991-09-26,0.000173,2guirTSEqLizK7j9i1MTTZ,1,1,301920,2.55e-05,5ghIJDpPoe3CfHMGu71E6T,classic,audio_features,37i9dQZF1DWXRqgorJj26U
0.833,88.785,0.466,rock,-4.215,0.0327,0.661,Rage Against The Machine,4,0.304,78,https://api.spotify.com/v1/tracks/59WN2psjkt1tyaxjspN8fp,spotify:track:59WN2psjkt1tyaxjspN8fp,Rage Against The Machine - XX (20th Anniversary Special Edition),Rock Classics,https://api.spotify.com/v1/audio-analysis/59WN2psjkt1tyaxjspN8fp,59WN2psjkt1tyaxjspN8fp,Killing In The Name,1992,0,4Io5vWtmV1rFj4yirKb4y4,1,7,313573,0.0266,59WN2psjkt1tyaxjspN8fp,classic,audio_features,37i9dQZF1DWXRqgorJj26U
0.376,164.775,0.53,rock,-11.913,0.0926,0.188,The Beatles,4,0.04,75,https://api.spotify.com/v1/tracks/2EqlS6tkEnglzr7tkKAAYD,spotify:track:2EqlS6tkEnglzr7tkKAAYD,Abbey Road (Remastered),Rock Classics,https://api.spotify.com/v1/audio-analysis/2EqlS6tkEnglzr7tkKAAYD,2EqlS6tkEnglzr7tkKAAYD,Come Together - Remastered 2009,1969-09-26,0.247,0ETFjACtuP2ADo6LFhL6HN,0,9,259947,0.0304,2EqlS6tkEnglzr7tkKAAYD,classic,audio_features,37i9dQZF1DWXRqgorJj26U
0.786,126.755,0.482,rock,-5.735,0.446,0.793,Kansas,4,0.032,73,https://api.spotify.com/v1/tracks/4DMKwE2E2iYDKY01C335Uw,spotify:track:4DMKwE2E2iYDKY01C335Uw,Leftoverture (Expanded Edition),Rock Classics,https://api.spotify.com/v1/audio-analysis/4DMKwE2E2iYDKY01C335Uw,4DMKwE2E2iYDKY01C335Uw,Carry on Wayward Son,1976,8.88e-05,7MejfRSNnrpcLZIxkeZDqR,1,7,323000,0.00321,4DMKwE2E2iYDKY01C335Uw,classic,audio_features,37i9dQZF1DWXRqgorJj26U
0.789,129.802,0.674,rock,-6.903,0.0753,0.918,Blur,4,0.0676,78,https://api.spotify.com/v1/tracks/1FTSo4v6BOZH9QxKc3MbVM,spotify:track:1FTSo4v6BOZH9QxKc3MbVM,Blur (Special Edition),Rock Classics,https://api.spotify.com/v1/audio-analysis/1FTSo4v6BOZH9QxKc3MbVM,1FTSo4v6BOZH9QxKc3MbVM,Song 2 - 2012 Remaster,1997-02-10,0.00708,7HvIrSkKGJCzd8AKyjTJ6Q,1,8,121160,0.00178,1FTSo4v6BOZH9QxKc3MbVM,classic,audio_features,37i9dQZF1DWXRqgorJj26U
0.441,81.334,0.519,rock,-14.178,0.076,0.25,Pixies,4,0.0353,76,https://api.spotify.com/v1/tracks/7wCmS9TTVUcIhRalDYFgPy,spotify:track:7wCmS9TTVUcIhRalDYFgPy,Surfer Rosa (2007 Remaster),Rock Classics,https://api.spotify.com/v1/audio-analysis/7wCmS9TTVUcIhRalDYFgPy,7wCmS9TTVUcIhRalDYFgPy,Where Is My Mind? - 2007 Remaster,1988-03-21,0.000453,50j4Wm1b9hLpSpPIA39Vp9,1,4,234973,0.0204,7wCmS9TTVUcIhRalDYFgPy,classic,audio_features,37i9dQZF1DWXRqgorJj26U
0.836,113.375,0.743,rock,-6.465,0.384,0.82,The Clash,4,0.116,80,https://api.spotify.com/v1/tracks/39shmbIHICJ2Wxnk1fPSdz,spotify:track:39shmbIHICJ2Wxnk1fPSdz,Combat Rock (Remastered),Rock Classics,https://api.spotify.com/v1/audio-analysis/39shmbIHICJ2Wxnk1fPSdz,39shmbIHICJ2Wxnk1fPSdz,Should I Stay or Should I Go - Remastered,1982,0,1ZH5g1RDq3GY1OvyD0w0s2,1,2,188987,0.0804,39shmbIHICJ2Wxnk1fPSdz,classic,audio_features,37i9dQZF1DWXRqgorJj26U
0.528,109.975,0.932,rock,-6.472,0.163,0.757,Queen,4,0.161,71,https://api.spotify.com/v1/tracks/57JVGBtBLCfHw2muk5416J,spotify:track:57JVGBtBLCfHw2muk5416J,The Game (Deluxe Remastered Version),Rock Classics,https://api.spotify.com/v1/audio-analysis/57JVGBtBLCfHw2muk5416J,57JVGBtBLCfHw2muk5416J,Another One Bites The Dust - Remastered 2011,1980-06-27,0.329,6wPXUmYJ9mOWrKlLzZ5cCa,0,5,214653,0.115,57JVGBtBLCfHw2muk5416J,classic,audio_features,37i9dQZF1DWXRqgorJj26U
0.905,128.019,0.602,rock,-4.046,0.117,0.411,Muse,4,0.0775,75,https://api.spotify.com/v1/tracks/4VqPOruhp5EdPBeR92t6lQ,spotify:track:4VqPOruhp5EdPBeR92t6lQ,The Resistance,Rock Classics,https://api.spotify.com/v1/audio-analysis/4VqPOruhp5EdPBeR92t6lQ,4VqPOruhp5EdPBeR92t6lQ,Uprising,2009-09-10,0.064,0eFHYz8NmK75zSplL5qlfM,1,2,304840,0.000202,4VqPOruhp5EdPBeR92t6lQ,classic,audio_features,37i9dQZF1DWXRqgorJj26U
0.519,98.883,0.653,rock,-10.164,0.101,0.822,Buffalo Springfield,4,0.0497,76,https://api.spotify.com/v1/tracks/1qRA5BS78u3gME0loMl9AA,spotify:track:1qRA5BS78u3gME0loMl9AA,Buffalo Springfield,Rock Classics,https://api.spotify.com/v1/audio-analysis/1qRA5BS78u3gME0loMl9AA,1qRA5BS78u3gME0loMl9AA,For What It's Worth,1966-12-05,0.0209,3PkdGRruLnJ9zCtANiDrpB,1,2,153693,0.406,1qRA5BS78u3gME0loMl9AA,classic,audio_features,37i9dQZF1DWXRqgorJj26U
0.946,138.18,0.454,rock,-5.978,0.173,0.647,Van Halen,4,0.13,68,https://api.spotify.com/v1/tracks/0upLyFR8Rr52ZpMp5esQoq,spotify:track:0upLyFR8Rr52ZpMp5esQoq,Van Halen (Remastered),Rock Classics,https://api.spotify.com/v1/audio-analysis/0upLyFR8Rr52ZpMp5esQoq,0upLyFR8Rr52ZpMp5esQoq,You Really Got Me - 2015 Remaster,1978-02-10,0,7DdEbYFPKTZ8KB4z6L4UnQ,0,1,156147,0.0223,0upLyFR8Rr52ZpMp5esQoq,classic,audio_features,37i9dQZF1DWXRqgorJj26U
0.828,105.435,0.35,rock,-5.373,0.0774,0.147,Soundgarden,4,0.041,76,https://api.spotify.com/v1/tracks/2EoOZnxNgtmZaD8uUmz2nD,spotify:track:2EoOZnxNgtmZaD8uUmz2nD,Superunknown (Deluxe Edition),Rock Classics,https://api.spotify.com/v1/audio-analysis/2EoOZnxNgtmZaD8uUmz2nD,2EoOZnxNgtmZaD8uUmz2nD,Black Hole Sun,1994-03-09,0.000161,29sTacnS0qA9xri6YS8xLA,1,6,318587,0.000217,2EoOZnxNgtmZaD8uUmz2nD,classic,audio_features,37i9dQZF1DWXRqgorJj26U
0.349,124.348,0.489,rock,-14.295,0.0866,0.622,Santana,4,0.0323,70,https://api.spotify.com/v1/tracks/4YMQXzscifAREG0a7KNGhB,spotify:track:4YMQXzscifAREG0a7KNGhB,Santana's Greatest Hits,Rock Classics,https://api.spotify.com/v1/audio-analysis/4YMQXzscifAREG0a7KNGhB,4YMQXzscifAREG0a7KNGhB,Black Magic Woman - Single Version,1994-07-01,0.0789,1YrdGK2y2Edq2R5gFja2ai,0,2,196467,0.676,4YMQXzscifAREG0a7KNGhB,classic,audio_features,37i9dQZF1DWXRqgorJj26U
0.872,159.925,0.587,rock,-5.066,0.622,0.735,Lenny Kravitz,4,0.0484,73,https://api.spotify.com/v1/tracks/1OxcIUqVmVYxT6427tbhDW,spotify:track:1OxcIUqVmVYxT6427tbhDW,5,Rock Classics,https://api.spotify.com/v1/audio-analysis/1OxcIUqVmVYxT6427tbhDW,1OxcIUqVmVYxT6427tbhDW,Fly Away,1998-05-12,0,6MCNMOCRsh6nxs7PNzc0zN,1,7,221333,0.018,1OxcIUqVmVYxT6427tbhDW,classic,audio_features,37i9dQZF1DWXRqgorJj26U
0.808,151.008,0.577,rock,-7.04,0.221,0.869,The Police,4,0.039,75,https://api.spotify.com/v1/tracks/1oYYd2gnWZYrt89EBXdFiO,spotify:track:1oYYd2gnWZYrt89EBXdFiO,Reggatta De Blanc (Remastered 2003),Rock Classics,https://api.spotify.com/v1/audio-analysis/1oYYd2gnWZYrt89EBXdFiO,1oYYd2gnWZYrt89EBXdFiO,Message In A Bottle,1979-10-02,1.33e-05,2EpuND32cO7CX0gXZl2NB6,0,1,290280,0.0338,1oYYd2gnWZYrt89EBXdFiO,classic,audio_features,37i9dQZF1DWXRqgorJj26U
0.758,112.113,0.489,rock,-6.491,0.092,0.435,David Bowie,4,0.0297,72,https://api.spotify.com/v1/tracks/7Jh1bpe76CNTCgdgAdBw4Z,spotify:track:7Jh1bpe76CNTCgdgAdBw4Z,"""Heroes"" (2017 Remaster)",Rock Classics,https://api.spotify.com/v1/audio-analysis/7Jh1bpe76CNTCgdgAdBw4Z,7Jh1bpe76CNTCgdgAdBw4Z,Heroes - 2017 Remaster,1977,0.49,4I5zzKYd2SKDgZ9DRf5LVk,1,7,371413,0.000678,7Jh1bpe76CNTCgdgAdBw4Z,classic,audio_features,37i9dQZF1DWXRqgorJj26U
0.932,112.937,0.564,rock,-10.068,0.349,0.619,Led Zeppelin,4,0.0554,75,https://api.spotify.com/v1/tracks/78lgmZwycJ3nzsdgmPPGNx,spotify:track:78lgmZwycJ3nzsdgmPPGNx,Led Zeppelin III (Remaster),Rock Classics,https://api.spotify.com/v1/audio-analysis/78lgmZwycJ3nzsdgmPPGNx,78lgmZwycJ3nzsdgmPPGNx,Immigrant Song - Remaster,1970,0.169,6P5QHz4XtxOmS5EuiGIPut,1,11,146250,0.013,78lgmZwycJ3nzsdgmPPGNx,classic,audio_features,37i9dQZF1DWXRqgorJj26U
0.338,177.765,0.388,rock,-10.054,0.248,0.478,Electric Light Orchestra,4,0.0329,76,https://api.spotify.com/v1/tracks/2RlgNHKcydI9sayD2Df2xp,spotify:track:2RlgNHKcydI9sayD2Df2xp,Out of the Blue,Rock Classics,https://api.spotify.com/v1/audio-analysis/2RlgNHKcydI9sayD2Df2xp,2RlgNHKcydI9sayD2Df2xp,Mr. Blue Sky,1977,3.73e-06,3usnShwygMXVZB4IV5dwnU,1,10,303373,0.652,2RlgNHKcydI9sayD2Df2xp,classic,audio_features,37i9dQZF1DWXRqgorJj26U
0.7,188.386,0.31,rock,-5.678,0.0828,0.763,AC/DC,4,0.047,83,https://api.spotify.com/v1/tracks/08mG3Y1vljYA6bvDt4Wqkj,spotify:track:08mG3Y1vljYA6bvDt4Wqkj,Back In Black,Rock Classics,https://api.spotify.com/v1/audio-analysis/08mG3Y1vljYA6bvDt4Wqkj,08mG3Y1vljYA6bvDt4Wqkj,Back In Black,1980-07-25,0.00965,6mUdeDZCsExyJLMdAfDuwh,1,9,255493,0.011,08mG3Y1vljYA6bvDt4Wqkj,classic,audio_features,37i9dQZF1DWXRqgorJj26U
0.691,137.145,0.548,rock,-13.553,0.144,0.667,Heart,4,0.0369,74,https://api.spotify.com/v1/tracks/4KfSdst7rW39C0sfhArdrz,spotify:track:4KfSdst7rW39C0sfhArdrz,Little Queen,Rock Classics,https://api.spotify.com/v1/audio-analysis/4KfSdst7rW39C0sfhArdrz,4KfSdst7rW39C0sfhArdrz,Barracuda,1977-05-14,0.106,1LaeNhiUpL3X6N0LcFvuDF,0,4,261933,0.015,4KfSdst7rW39C0sfhArdrz,classic,audio_features,37i9dQZF1DWXRqgorJj26U
0.532,136.576,0.601,rock,-9.119,0.0925,0.342,Elton John,4,0.0286,79,https://api.spotify.com/v1/tracks/3gdewACMIVMEWVbyb8O9sY,spotify:track:3gdewACMIVMEWVbyb8O9sY,Honky Chateau,Rock Classics,https://api.spotify.com/v1/audio-analysis/3gdewACMIVMEWVbyb8O9sY,3gdewACMIVMEWVbyb8O9sY,"Rocket Man (I Think It's Going To Be A Long, Long Time)",1972-05-19,5.95e-06,2ei2X6ghPnw7YRwQtAH075,1,10,281613,0.433,3gdewACMIVMEWVbyb8O9sY,classic,audio_features,37i9dQZF1DWXRqgorJj26U
0.641,203.006,0.256,rock,-10.283,0.0853,0.382,Nirvana,4,0.0552,79,https://api.spotify.com/v1/tracks/11LmqTE2naFULdEP94AUBa,spotify:track:11LmqTE2naFULdEP94AUBa,In Utero (Deluxe Edition),Rock Classics,https://api.spotify.com/v1/audio-analysis/11LmqTE2naFULdEP94AUBa,11LmqTE2naFULdEP94AUBa,Heart-Shaped Box,1993-09-21,0.0329,6ohX7moZZnF1FwYrli1OJ6,1,1,281160,0.199,11LmqTE2naFULdEP94AUBa,classic,audio_features,37i9dQZF1DWXRqgorJj26U
0.755,109.535,0.667,rock,-7.246,0.0523,0.883,Eagles,4,0.069,68,https://api.spotify.com/v1/tracks/6gXrEUzibufX9xYPk3HD5p,spotify:track:6gXrEUzibufX9xYPk3HD5p,Hotel California (2013 Remaster),Rock Classics,https://api.spotify.com/v1/audio-analysis/6gXrEUzibufX9xYPk3HD5p,6gXrEUzibufX9xYPk3HD5p,Life in the Fast Lane - 2013 Remaster,1976-12-08,6.94e-05,2widuo17g5CEC66IbzveRu,1,9,286220,0.0966,6gXrEUzibufX9xYPk3HD5p,classic,audio_features,37i9dQZF1DWXRqgorJj26U
0.373,92.718,0.671,rock,-18.064,0.0481,0.732,TOTO,4,0.0323,83,https://api.spotify.com/v1/tracks/2374M0fQpWi3dLnB54qaLX,spotify:track:2374M0fQpWi3dLnB54qaLX,Toto IV,Rock Classics,https://api.spotify.com/v1/audio-analysis/2374M0fQpWi3dLnB54qaLX,2374M0fQpWi3dLnB54qaLX,Africa,1982-04-08,8.01e-05,62U7xIHcID94o20Of5ea4D,1,9,295893,0.257,2374M0fQpWi3dLnB54qaLX,classic,audio_features,37i9dQZF1DWXRqgorJj26U
0.927,141.466,0.333,rock,-8.55,0.297,0.385,Blue Öyster Cult,4,0.0733,75,https://api.spotify.com/v1/tracks/5QTxFnGygVM4jFQiBovmRo,spotify:track:5QTxFnGygVM4jFQiBovmRo,Agents Of Fortune,Rock Classics,https://api.spotify.com/v1/audio-analysis/5QTxFnGygVM4jFQiBovmRo,5QTxFnGygVM4jFQiBovmRo,(Don't Fear) The Reaper,1976,0.000208,6C9WzlQANeoD0GW5B41YJt,0,9,308120,0.0029,5QTxFnGygVM4jFQiBovmRo,classic,audio_features,37i9dQZF1DWXRqgorJj26U
0.787,126.879,0.767,rock,-9.897,0.0513,0.964,The Smashing Pumpkins,4,0.0331,77,https://api.spotify.com/v1/tracks/5QLHGv0DfpeXLNFo7SFEy1,spotify:track:5QLHGv0DfpeXLNFo7SFEy1,Mellon Collie And The Infinite Sadness (Deluxe Edition),Rock Classics,https://api.spotify.com/v1/audio-analysis/5QLHGv0DfpeXLNFo7SFEy1,5QLHGv0DfpeXLNFo7SFEy1,1979 - Remastered 2012,1995,0.583,55RhFRyQFihIyGf61MgcfV,1,3,266200,0.0163,5QLHGv0DfpeXLNFo7SFEy1,classic,audio_features,37i9dQZF1DWXRqgorJj26U
0.366,127.163,0.472,rock,-12.595,0.0837,0.171,Pink Floyd,4,0.0286,71,https://api.spotify.com/v1/tracks/5HNCy40Ni5BZJFw1TKzRsC,spotify:track:5HNCy40Ni5BZJFw1TKzRsC,The Wall,Rock Classics,https://api.spotify.com/v1/audio-analysis/5HNCy40Ni5BZJFw1TKzRsC,5HNCy40Ni5BZJFw1TKzRsC,Comfortably Numb,1979-11-30,0.312,5Dbax7G8SWrP9xyzkOvy2F,0,11,382297,0.15,5HNCy40Ni5BZJFw1TKzRsC,classic,audio_features,37i9dQZF1DWXRqgorJj26U
0.864,81.394,0.437,rock,-7.842,0.242,0.749,Led Zeppelin,4,0.0904,69,https://api.spotify.com/v1/tracks/3qT4bUD1MaWpGrTwcvguhb,spotify:track:3qT4bUD1MaWpGrTwcvguhb,Led Zeppelin IV (Deluxe Edition),Rock Classics,https://api.spotify.com/v1/audio-analysis/3qT4bUD1MaWpGrTwcvguhb,3qT4bUD1MaWpGrTwcvguhb,Black Dog - Remaster,1971-11-08,0.0314,44Ig8dzqOkvkGDzaUof9lK,0,4,295387,0.396,3qT4bUD1MaWpGrTwcvguhb,classic,audio_features,37i9dQZF1DWXRqgorJj26U
0.584,170.411,0.509,rock,-4.907,0.384,0.685,Queens of the Stone Age,4,0.057,69,https://api.spotify.com/v1/tracks/6y20BV5L33R8YXM0YuI38N,spotify:track:6y20BV5L33R8YXM0YuI38N,Songs For The Deaf,Rock Classics,https://api.spotify.com/v1/audio-analysis/6y20BV5L33R8YXM0YuI38N,6y20BV5L33R8YXM0YuI38N,No One Knows,2002-01-01,9.96e-05,4w3NeXtywU398NYW4903rY,1,0,278747,0.0368,6y20BV5L33R8YXM0YuI38N,classic,audio_features,37i9dQZF1DWXRqgorJj26U
0.912,117.399,0.575,rock,-7.275,0.0562,0.843,The Doobie Brothers,4,0.0393,69,https://api.spotify.com/v1/tracks/4nXkbcTj3nyww1cHkw5RAP,spotify:track:4nXkbcTj3nyww1cHkw5RAP,The Captain and Me,Rock Classics,https://api.spotify.com/v1/audio-analysis/4nXkbcTj3nyww1cHkw5RAP,4nXkbcTj3nyww1cHkw5RAP,Long Train Runnin',1973,0.00211,0M2KWMbvY5x1sUnIKNpyUt,0,7,207267,0.0916,4nXkbcTj3nyww1cHkw5RAP,classic,audio_features,37i9dQZF1DWXRqgorJj26U
0.611,85.387,0.654,rock,-10.45,0.405,0.786,Beck,4,0.119,69,https://api.spotify.com/v1/tracks/5PntSbMHC1ud6Vvl8x56qd,spotify:track:5PntSbMHC1ud6Vvl8x56qd,Mellow Gold,Rock Classics,https://api.spotify.com/v1/audio-analysis/5PntSbMHC1ud6Vvl8x56qd,5PntSbMHC1ud6Vvl8x56qd,Loser,1994-03-01,0.000178,0iIGP4Sxw3KR4OCFv2yvz8,1,2,235000,0.0337,5PntSbMHC1ud6Vvl8x56qd,classic,audio_features,37i9dQZF1DWXRqgorJj26U
0.482,138.453,0.529,rock,-11.709,0.0842,0.492,Don McLean,4,0.0599,74,https://api.spotify.com/v1/tracks/1fDsrQ23eTAVFElUMaf38X,spotify:track:1fDsrQ23eTAVFElUMaf38X,American Pie,Rock Classics,https://api.spotify.com/v1/audio-analysis/1fDsrQ23eTAVFElUMaf38X,1fDsrQ23eTAVFElUMaf38X,American Pie,1971,0,10jsW2NYd9blCrDITMh2zS,0,4,516893,0.7,1fDsrQ23eTAVFElUMaf38X,classic,audio_features,37i9dQZF1DWXRqgorJj26U
0.748,134.114,0.618,rock,-8.905,0.0473,0.663,The Police,4,0.358,77,https://api.spotify.com/v1/tracks/3EYOJ48Et32uATr9ZmLnAo,spotify:track:3EYOJ48Et32uATr9ZmLnAo,Outlandos D'Amour (Remastered 2003),Rock Classics,https://api.spotify.com/v1/audio-analysis/3EYOJ48Et32uATr9ZmLnAo,3EYOJ48Et32uATr9ZmLnAo,Roxanne,1978-11-02,4.1e-06,1H9g6j4Wwj6wh6p8YHVtkf,1,0,191947,0.0384,3EYOJ48Et32uATr9ZmLnAo,classic,audio_features,37i9dQZF1DWXRqgorJj26U
0.7,147.245,0.586,rock,-9.558,0.0318,0.897,The Knack,4,0.0363,69,https://api.spotify.com/v1/tracks/1HOMkjp0nHMaTnfAkslCQj,spotify:track:1HOMkjp0nHMaTnfAkslCQj,Get The Knack,Rock Classics,https://api.spotify.com/v1/audio-analysis/1HOMkjp0nHMaTnfAkslCQj,1HOMkjp0nHMaTnfAkslCQj,My Sharona,1979-01-01,0.00125,6H0wsYDvFlATzXHn0IqVpi,1,0,295400,0.0589,1HOMkjp0nHMaTnfAkslCQj,classic,audio_features,37i9dQZF1DWXRqgorJj26U
0.318,104.522,0.575,rock,-16.729,0.0934,0.385,Lou Reed,4,0.109,74,https://api.spotify.com/v1/tracks/5p3JunprHCxClJjOmcLV8G,spotify:track:5p3JunprHCxClJjOmcLV8G,Transformer,Rock Classics,https://api.spotify.com/v1/audio-analysis/5p3JunprHCxClJjOmcLV8G,5p3JunprHCxClJjOmcLV8G,Walk On the Wild Side,1972-12-01,0.000202,5SqbMEyAt8332ISGiLX0St,1,0,254173,0.683,5p3JunprHCxClJjOmcLV8G,classic,audio_features,37i9dQZF1DWXRqgorJj26U
0.706,80.823,0.445,rock,-9.803,0.205,0.768,Thin Lizzy,4,0.0461,70,https://api.spotify.com/v1/tracks/43DeSV93pJPT4lCZaWZ6b1,spotify:track:43DeSV93pJPT4lCZaWZ6b1,Jailbreak (Deluxe Edition),Rock Classics,https://api.spotify.com/v1/audio-analysis/43DeSV93pJPT4lCZaWZ6b1,43DeSV93pJPT4lCZaWZ6b1,The Boys Are Back In Town,1976,0.000252,6Cf545T4jkaiyvMnTRPOB2,1,8,266720,0.234,43DeSV93pJPT4lCZaWZ6b1,classic,audio_features,37i9dQZF1DWXRqgorJj26U
0.913,115.728,0.574,rock,-4.793,0.156,0.423,AC/DC,4,0.133,84,https://api.spotify.com/v1/tracks/2zYzyRzz6pRmhPzyfMEC8s,spotify:track:2zYzyRzz6pRmhPzyfMEC8s,Highway to Hell,Rock Classics,https://api.spotify.com/v1/audio-analysis/2zYzyRzz6pRmhPzyfMEC8s,2zYzyRzz6pRmhPzyfMEC8s,Highway to Hell,1979-07-27,0.00158,10v912xgTZbjAtYfyKWJCS,0,6,208400,0.061,2zYzyRzz6pRmhPzyfMEC8s,classic,audio_features,37i9dQZF1DWXRqgorJj26U
0.495,124.936,0.532,rock,-6.662,0.0754,0.308,Billy Joel,4,0.0343,79,https://api.spotify.com/v1/tracks/4U45aEWtQhrm8A5mxPaFZ7,spotify:track:4U45aEWtQhrm8A5mxPaFZ7,The Stranger (Legacy Edition),Rock Classics,https://api.spotify.com/v1/audio-analysis/4U45aEWtQhrm8A5mxPaFZ7,4U45aEWtQhrm8A5mxPaFZ7,Vienna,1977,0,1Mhn9VosyjtWn4dMPFlna6,1,10,214240,0.659,4U45aEWtQhrm8A5mxPaFZ7,classic,audio_features,37i9dQZF1DWXRqgorJj26U
0.875,75.009,0.284,rock,-6.069,0.402,0.595,Pearl Jam,4,0.0422,73,https://api.spotify.com/v1/tracks/1L94M3KIu7QluZe63g64rv,spotify:track:1L94M3KIu7QluZe63g64rv,Ten,Rock Classics,https://api.spotify.com/v1/audio-analysis/1L94M3KIu7QluZe63g64rv,1L94M3KIu7QluZe63g64rv,Alive,1991-08-27,0.000461,5B4PYA7wNN4WdEXdIJu58a,0,11,340907,0.00752,1L94M3KIu7QluZe63g64rv,classic,audio_features,37i9dQZF1DWXRqgorJj26U
0.737,103.867,0.662,rock,-9.54,0.119,0.744,Tina Turner,4,0.0296,69,https://api.spotify.com/v1/tracks/6pPWRBubXOBAHnjl5ZIujB,spotify:track:6pPWRBubXOBAHnjl5ZIujB,Foreign Affair,Rock Classics,https://api.spotify.com/v1/audio-analysis/6pPWRBubXOBAHnjl5ZIujB,6pPWRBubXOBAHnjl5ZIujB,The Best,1989-09-13,0.0191,3hgAoHSmany3EiKL0Aqh3G,1,0,329800,0.108,6pPWRBubXOBAHnjl5ZIujB,classic,audio_features,37i9dQZF1DWXRqgorJj26U
0.936,91.577,0.666,rock,-9.919,0.153,0.776,Red Hot Chili Peppers,4,0.0476,72,https://api.spotify.com/v1/tracks/0uppYCG86ajpV2hSR3dJJ0,spotify:track:0uppYCG86ajpV2hSR3dJJ0,Blood Sugar Sex Magik (Deluxe Edition),Rock Classics,https://api.spotify.com/v1/audio-analysis/0uppYCG86ajpV2hSR3dJJ0,0uppYCG86ajpV2hSR3dJJ0,Give It Away,1991-09-24,0.086,30Perjew8HyGkdSmqguYyg,1,7,282907,0.00244,0uppYCG86ajpV2hSR3dJJ0,classic,audio_features,37i9dQZF1DWXRqgorJj26U
0.432,94.605,0.475,rock,-7.844,0.161,0.648,Green Day,4,0.0302,79,https://api.spotify.com/v1/tracks/6ORqU0bHbVCRjXm9AjyHyZ,spotify:track:6ORqU0bHbVCRjXm9AjyHyZ,Nimrod,Rock Classics,https://api.spotify.com/v1/audio-analysis/6ORqU0bHbVCRjXm9AjyHyZ,6ORqU0bHbVCRjXm9AjyHyZ,Good Riddance (Time of Your Life),1997-10-14,0,3x2uer6Xh0d5rF8toWpRDA,1,7,153467,0.183,6ORqU0bHbVCRjXm9AjyHyZ,classic,audio_features,37i9dQZF1DWXRqgorJj26U
0.549,176.941,0.516,rock,-13.741,0.184,0.907,Don Henley,4,0.0373,73,https://api.spotify.com/v1/tracks/4gvea7UlDkAvsJBPZAd4oB,spotify:track:4gvea7UlDkAvsJBPZAd4oB,Building The Perfect Beast,Rock Classics,https://api.spotify.com/v1/audio-analysis/4gvea7UlDkAvsJBPZAd4oB,4gvea7UlDkAvsJBPZAd4oB,The Boys Of Summer,1984-11-19,0.00572,2x1s5aVQ01ylPs5nUdeA2i,1,6,288733,0.501,4gvea7UlDkAvsJBPZAd4oB,classic,audio_features,37i9dQZF1DWXRqgorJj26U
0.751,89.839,0.421,rock,-9.584,0.17,0.789,The Doors,4,0.0472,72,https://api.spotify.com/v1/tracks/6ToM0uwxtPKo9CMpbPGYvM,spotify:track:6ToM0uwxtPKo9CMpbPGYvM,The Doors,Rock Classics,https://api.spotify.com/v1/audio-analysis/6ToM0uwxtPKo9CMpbPGYvM,6ToM0uwxtPKo9CMpbPGYvM,Break on Through (To the Other Side),1967-01-04,0,1jWmEhn3ggaL6isoyLfwBn,1,9,145867,0.2,6ToM0uwxtPKo9CMpbPGYvM,classic,audio_features,37i9dQZF1DWXRqgorJj26U
0.938,168.131,0.324,rock,-7.332,0.0961,0.543,Beastie Boys,4,0.102,71,https://api.spotify.com/v1/tracks/0Puj4YlTm6xNzDDADXHMI9,spotify:track:0Puj4YlTm6xNzDDADXHMI9,Ill Communication,Rock Classics,https://api.spotify.com/v1/audio-analysis/0Puj4YlTm6xNzDDADXHMI9,0Puj4YlTm6xNzDDADXHMI9,Sabotage,1994-05-23,0.0321,6lfjbwFGzQ6aSNP1N3JlT8,0,6,178440,0.032,0Puj4YlTm6xNzDDADXHMI9,classic,audio_features,37i9dQZF1DWXRqgorJj26U
0.953,84.989,0.267,rock,-4.899,0.283,0.568,Def Leppard,4,0.096,72,https://api.spotify.com/v1/tracks/0PdM2a6oIjqepoEfcJo0RO,spotify:track:0PdM2a6oIjqepoEfcJo0RO,Hysteria (Super Deluxe),Rock Classics,https://api.spotify.com/v1/audio-analysis/0PdM2a6oIjqepoEfcJo0RO,0PdM2a6oIjqepoEfcJo0RO,Pour Some Sugar On Me - Remastered 2017,1987-08-03,0,31oeDyCOLhgeZyktfxo0pE,0,1,267307,0.00211,0PdM2a6oIjqepoEfcJo0RO,classic,audio_features,37i9dQZF1DWXRqgorJj26U
0.919,135.997,0.465,rock,-4.025,0.262,0.537,Foo Fighters,4,0.0408,73,https://api.spotify.com/v1/tracks/5OQsiBsky2k2kDKy2bX2eT,spotify:track:5OQsiBsky2k2kDKy2bX2eT,There Is Nothing Left To Lose,Rock Classics,https://api.spotify.com/v1/audio-analysis/5OQsiBsky2k2kDKy2bX2eT,5OQsiBsky2k2kDKy2bX2eT,Learn to Fly,1999-11-02,2.07e-05,28q2N44ocJECgf8sbHEDfY,1,4,235293,1.83e-05,5OQsiBsky2k2kDKy2bX2eT,classic,audio_features,37i9dQZF1DWXRqgorJj26U
0.58,127.402,0.741,rock,-9.05,0.212,0.944,Pat Benatar,4,0.0304,70,https://api.spotify.com/v1/tracks/0vOkmmJEtjuFZDzrQSFzEE,spotify:track:0vOkmmJEtjuFZDzrQSFzEE,Crimes Of Passion,Rock Classics,https://api.spotify.com/v1/audio-analysis/0vOkmmJEtjuFZDzrQSFzEE,0vOkmmJEtjuFZDzrQSFzEE,Hit Me With Your Best Shot,1980-08-05,3.61e-05,7HlWbMlmhASeeZ61ZiHpWJ,1,4,171267,0.117,0vOkmmJEtjuFZDzrQSFzEE,classic,audio_features,37i9dQZF1DWXRqgorJj26U
0.72,121.864,0.404,rock,-9.18,0.0466,0.475,The Smashing Pumpkins,4,0.0623,73,https://api.spotify.com/v1/tracks/6GtX0jaNL8IjVQfrDBx81z,spotify:track:6GtX0jaNL8IjVQfrDBx81z,Mellon Collie And The Infinite Sadness (Deluxe Edition),Rock Classics,https://api.spotify.com/v1/audio-analysis/6GtX0jaNL8IjVQfrDBx81z,6GtX0jaNL8IjVQfrDBx81z,Bullet With Butterfly Wings - Remastered 2012,1995,0.836,55RhFRyQFihIyGf61MgcfV,0,10,258467,5.59e-05,6GtX0jaNL8IjVQfrDBx81z,classic,audio_features,37i9dQZF1DWXRqgorJj26U
0.927,170.814,0.215,rock,-7.327,0.126,0.49,Stone Temple Pilots,4,0.0452,72,https://api.spotify.com/v1/tracks/6qLEOZvf5gI7kWE63JE7p3,spotify:track:6qLEOZvf5gI7kWE63JE7p3,Purple (2019 Remaster),Rock Classics,https://api.spotify.com/v1/audio-analysis/6qLEOZvf5gI7kWE63JE7p3,6qLEOZvf5gI7kWE63JE7p3,Interstate Love Song - 2019 Remaster,1994-06-07,0.00661,57lcTrUlYgfMIPvBUsVU6h,1,9,194853,0.000273,6qLEOZvf5gI7kWE63JE7p3,classic,audio_features,37i9dQZF1DWXRqgorJj26U
0.801,133.769,0.651,rock,-7.34,0.0825,0.776,The Clash,4,0.0514,70,https://api.spotify.com/v1/tracks/5jzma6gCzYtKB1DbEwFZKH,spotify:track:5jzma6gCzYtKB1DbEwFZKH,London Calling (Remastered),Rock Classics,https://api.spotify.com/v1/audio-analysis/5jzma6gCzYtKB1DbEwFZKH,5jzma6gCzYtKB1DbEwFZKH,London Calling - Remastered,1979,0,6FCzvataOZh68j8OKzOt9a,1,0,200480,0.123,5jzma6gCzYtKB1DbEwFZKH,classic,audio_features,37i9dQZF1DWXRqgorJj26U
0.262,122.861,0.481,rock,-15.73,0.832,0.375,Pink Floyd,4,0.0414,75,https://api.spotify.com/v1/tracks/6mFkJmJqdDVQ1REhVfGgd1,spotify:track:6mFkJmJqdDVQ1REhVfGgd1,Wish You Were Here,Rock Classics,https://api.spotify.com/v1/audio-analysis/6mFkJmJqdDVQ1REhVfGgd1,6mFkJmJqdDVQ1REhVfGgd1,Wish You Were Here,1975-09-12,0.0114,0bCAjiUamIFqKJsekOYuRw,1,7,334744,0.735,6mFkJmJqdDVQ1REhVfGgd1,classic,audio_features,37i9dQZF1DWXRqgorJj26U
0.449,84.383,0.623,rock,-13.333,0.0613,0.573,Tom Petty,4,0.0253,75,https://api.spotify.com/v1/tracks/5tVA6TkbaAH9QMITTQRrNv,spotify:track:5tVA6TkbaAH9QMITTQRrNv,Full Moon Fever,Rock Classics,https://api.spotify.com/v1/audio-analysis/5tVA6TkbaAH9QMITTQRrNv,5tVA6TkbaAH9QMITTQRrNv,Free Fallin',1989-01-01,0,5d71Imt5CIb7LpQwDMQ093,1,5,256000,0.212,5tVA6TkbaAH9QMITTQRrNv,classic,audio_features,37i9dQZF1DWXRqgorJj26U
0.476,148.117,0.389,rock,-9.342,0.255,0.566,Blind Melon,4,0.0316,73,https://api.spotify.com/v1/tracks/6txWz9UapYHVxEd7dDIHXT,spotify:track:6txWz9UapYHVxEd7dDIHXT,Blind Melon,Rock Classics,https://api.spotify.com/v1/audio-analysis/6txWz9UapYHVxEd7dDIHXT,6txWz9UapYHVxEd7dDIHXT,No Rain,1992-01-01,5.09e-05,55jET4vDioHHd7ztX7OX3h,1,9,217107,0.619,6txWz9UapYHVxEd7dDIHXT,classic,audio_features,37i9dQZF1DWXRqgorJj26U
0.978,141.167,0.526,rock,-5.436,0.0744,0.451,Van Halen,4,0.108,72,https://api.spotify.com/v1/tracks/05RgAMGypEvqhNs5hPCbMS,spotify:track:05RgAMGypEvqhNs5hPCbMS,1984 (Remastered),Rock Classics,https://api.spotify.com/v1/audio-analysis/05RgAMGypEvqhNs5hPCbMS,05RgAMGypEvqhNs5hPCbMS,Panama - 2015 Remaster,1984-01-04,4.75e-05,3REUXdj5OPKhuDTrTtCBU0,1,8,210227,0.00122,05RgAMGypEvqhNs5hPCbMS,classic,audio_features,37i9dQZF1DWXRqgorJj26U
0.842,100.127,0.297,rock,-7.457,0.0848,0.586,Alice In Chains,4,0.0488,72,https://api.spotify.com/v1/tracks/5sFDReWLrZHLFZFjHsjUTS,spotify:track:5sFDReWLrZHLFZFjHsjUTS,Dirt (2022 Remaster),Rock Classics,https://api.spotify.com/v1/audio-analysis/5sFDReWLrZHLFZFjHsjUTS,5sFDReWLrZHLFZFjHsjUTS,Would? (2022 Remaster),1992-09-29,9.1e-06,58NXIEYqmq5dQHg9nV9duM,1,6,206773,0.000286,5sFDReWLrZHLFZFjHsjUTS,classic,audio_features,37i9dQZF1DWXRqgorJj26U
0.944,146.347,0.27,rock,-4.199,0.116,0.606,Bruce Springsteen,4,0.0975,70,https://api.spotify.com/v1/tracks/6hTcuIQa0sxrrByu9wTD7s,spotify:track:6hTcuIQa0sxrrByu9wTD7s,Born To Run,Rock Classics,https://api.spotify.com/v1/audio-analysis/6hTcuIQa0sxrrByu9wTD7s,6hTcuIQa0sxrrByu9wTD7s,Born to Run,1975-08-25,2.05e-05,43YIoHKSrEw2GJsWmhZIpu,1,4,269920,0.00501,6hTcuIQa0sxrrByu9wTD7s,classic,audio_features,37i9dQZF1DWXRqgorJj26U
0.182,136.094,0.349,jazz,-13.507,0.143,0.178,Nat King Cole,3,0.031,69,https://api.spotify.com/v1/tracks/648TTtYB0bH0P8Hfy0FmkL,spotify:track:648TTtYB0bH0P8Hfy0FmkL,Unforgettable,Jazz Classics,https://api.spotify.com/v1/audio-analysis/648TTtYB0bH0P8Hfy0FmkL,648TTtYB0bH0P8Hfy0FmkL,Unforgettable,1954-01-01,0.0152,7GBvXtxnvBluo2f4xBVNkm,1,5,191973,0.92,648TTtYB0bH0P8Hfy0FmkL,classic,audio_features,37i9dQZF1DXbITWG1ZJKYt
0.164,58.303,0.136,classical,-18.756,0.109,0.071,"Pyotr Ilyich Tchaikovsky, André Previn, London Symphony Orchestra",4,0.0364,68,https://api.spotify.com/v1/tracks/2xizRhme7pYeITbH1NLLGt,spotify:track:2xizRhme7pYeITbH1NLLGt,Tchaikovsky: Swan Lake,Classical Essentials,https://api.spotify.com/v1/audio-analysis/2xizRhme7pYeITbH1NLLGt,2xizRhme7pYeITbH1NLLGt,"Tchaikovsky: Swan Lake, Op. 20, Act 2: No. 10, Scene. Moderato",1976-01-01,0.916,7dVA06E7AP7P7VzPyNxQVO,0,4,166867,0.911,2xizRhme7pYeITbH1NLLGt,essential,audio_features,37i9dQZF1DWWEJlAGA9gs0
0.00527,170.612,0.184,classical,-37.264,0.173,0.151,"Ludwig van Beethoven, Paul Lewis",3,0.0432,68,https://api.spotify.com/v1/tracks/3DNRdudZ2SstnDCVKFdXxG,spotify:track:3DNRdudZ2SstnDCVKFdXxG,"Beethoven: Piano Sonatas, Vol.3",Classical Essentials,https://api.spotify.com/v1/audio-analysis/3DNRdudZ2SstnDCVKFdXxG,3DNRdudZ2SstnDCVKFdXxG,"Sonata No. 14 ""Moonlight"" in C-Sharp Minor"", Op. 27 No. 2: I. Adagio sostenuto",2007-09-25,0.887,4bNwPPpk01D8pVV9IFSBde,0,1,315427,0.995,3DNRdudZ2SstnDCVKFdXxG,essential,audio_features,37i9dQZF1DWWEJlAGA9gs0
0.449,92.468,0.447,classical,-10.634,0.0697,0.036,"Ludovico Einaudi, Daniel Hope, I Virtuosi Italiani",4,0.0376,75,https://api.spotify.com/v1/tracks/1BncfTJAWxrsxyT9culBrj,spotify:track:1BncfTJAWxrsxyT9culBrj,In A Time Lapse,Classical Essentials,https://api.spotify.com/v1/audio-analysis/1BncfTJAWxrsxyT9culBrj,1BncfTJAWxrsxyT9culBrj,Experience,2013-01-01,0.961,3uJ6D2WOPdjwJ0SrsH9EiG,1,2,315427,0.934,1BncfTJAWxrsxyT9culBrj,essential,audio_features,37i9dQZF1DWWEJlAGA9gs0
0.812,80.09,0.505,hip-hop,-3.986,0.444,0.664,"Tyler, The Creator, GloRilla, Sexyy Red, Lil Wayne",4,0.461,88,https://api.spotify.com/v1/tracks/3tFed7YsjGnIfxeLEQwx3R,spotify:track:3tFed7YsjGnIfxeLEQwx3R,CHROMAKOPIA,RapCaviar,https://api.spotify.com/v1/audio-analysis/3tFed7YsjGnIfxeLEQwx3R,3tFed7YsjGnIfxeLEQwx3R,"Sticky (feat. GloRilla, Sexyy Red & Lil Wayne)",2024-10-28,0,0U28P0QVB1QRxpqp5IHOlH,1,1,255916,0.285,3tFed7YsjGnIfxeLEQwx3R,modern,audio_features,37i9dQZF1DX0XUsuxWHRQd
0.507,130.007,0.872,hip-hop,-6.323,0.111,0.506,Gunna,4,0.072,76,https://api.spotify.com/v1/tracks/2EKL77lwxvo615Ga7VjEUl,spotify:track:2EKL77lwxvo615Ga7VjEUl,HIM ALL ALONG,RapCaviar,https://api.spotify.com/v1/audio-analysis/2EKL77lwxvo615Ga7VjEUl,2EKL77lwxvo615Ga7VjEUl,HIM ALL ALONG,2024-10-18,0,5HoNV9xqGbGufrIFH271dR,0,4,158667,0.195,2EKL77lwxvo615Ga7VjEUl,modern,audio_features,37i9dQZF1DX0XUsuxWHRQd
0.802,128.085,0.835,hip-hop,-4.286,0.0882,0.374,BigXthaPlug,4,0.243,71,https://api.spotify.com/v1/tracks/4CkbpelT92r4dVkceDX9g1,spotify:track:4CkbpelT92r4dVkceDX9g1,TAKE CARE,RapCaviar,https://api.spotify.com/v1/audio-analysis/4CkbpelT92r4dVkceDX9g1,4CkbpelT92r4dVkceDX9g1,Leave Me Alone,2024-10-11,7.33e-06,6LU7SYL9BWAt3TgEK4DdAc,1,7,143778,0.0311,4CkbpelT92r4dVkceDX9g1,modern,audio_features,37i9dQZF1DX0XUsuxWHRQd
0.533,120.011,0.794,hip-hop,-8.206,0.207,0.15,Future,4,0.0591,73,https://api.spotify.com/v1/tracks/2t4H61OtTYgmDe61KxkjKH,spotify:track:2t4H61OtTYgmDe61KxkjKH,MIXTAPE PLUTO,RapCaviar,https://api.spotify.com/v1/audio-analysis/2t4H61OtTYgmDe61KxkjKH,2t4H61OtTYgmDe61KxkjKH,PLUTOSKI,2024-09-20,2.76e-05,4Zoxsc06EUHRf5GrJPJZ54,1,9,179023,0.14,2t4H61OtTYgmDe61KxkjKH,modern,audio_features,37i9dQZF1DX0XUsuxWHRQd
0.722,119.973,0.769,hip-hop,-5.485,0.111,0.57,"The Weeknd, Playboi Carti",4,0.0507,92,https://api.spotify.com/v1/tracks/1Es7AUAhQvapIcoh3qMKDL,spotify:track:1Es7AUAhQvapIcoh3qMKDL,Timeless,RapCaviar,https://api.spotify.com/v1/audio-analysis/1Es7AUAhQvapIcoh3qMKDL,1Es7AUAhQvapIcoh3qMKDL,Timeless (with Playboi Carti),2024-09-27,2.56e-06,2IRxVVqbSbqHJo8Zx50LYn,0,11,256000,0.0584,1Es7AUAhQvapIcoh3qMKDL,modern,audio_features,37i9dQZF1DX0XUsuxWHRQd
0.684,166.976,0.832,hip-hop,-4.691,0.229,0.68,"GloRilla, Sexyy Red",4,0.359,78,https://api.spotify.com/v1/tracks/5xeSd4HgzrYpNLEf3LfYLK,spotify:track:5xeSd4HgzrYpNLEf3LfYLK,GLORIOUS,RapCaviar,https://api.spotify.com/v1/audio-analysis/5xeSd4HgzrYpNLEf3LfYLK,5xeSd4HgzrYpNLEf3LfYLK,WHATCHU KNO ABOUT ME (feat. Sexyy Red),2024-10-11,0,4dUAojdnh5Bcho1n8bPSO0,1,1,149461,0.00449,5xeSd4HgzrYpNLEf3LfYLK,modern,audio_features,37i9dQZF1DX0XUsuxWHRQd
0.642,111.907,0.65,hip-hop,-5.332,0.0855,0.186,Lil Baby,4,0.04,70,https://api.spotify.com/v1/tracks/6afQ4fJDJ9QqU5BKIH99Ej,spotify:track:6afQ4fJDJ9QqU5BKIH99Ej,Insecurities,RapCaviar,https://api.spotify.com/v1/audio-analysis/6afQ4fJDJ9QqU5BKIH99Ej,6afQ4fJDJ9QqU5BKIH99Ej,Insecurities,2024-11-15,0,2g28Q65tnnBD8TaCAFpdQi,1,2,127154,0.00502,6afQ4fJDJ9QqU5BKIH99Ej,modern,audio_features,37i9dQZF1DX0XUsuxWHRQd
0.699,129.054,0.92,hip-hop,-6.635,0.0745,0.484,NLE Choppa,4,0.358,72,https://api.spotify.com/v1/tracks/76Ku9OBFK1NjMylR8r4WLK,spotify:track:76Ku9OBFK1NjMylR8r4WLK,SLUT SZN,RapCaviar,https://api.spotify.com/v1/audio-analysis/76Ku9OBFK1NjMylR8r4WLK,76Ku9OBFK1NjMylR8r4WLK,Gang Baby,2024-09-27,0,1oA2UN6nt7jhEuVtiCeCke,1,11,138180,0.00768,76Ku9OBFK1NjMylR8r4WLK,modern,audio_features,37i9dQZF1DX0XUsuxWHRQd
0.628,119.98,0.757,hip-hop,-6.715,0.221,0.321,Don Toliver,4,0.101,85,https://api.spotify.com/v1/tracks/2c7z5oRcPBbqRaBY2mLWcf,spotify:track:2c7z5oRcPBbqRaBY2mLWcf,HARDSTONE PSYCHO,RapCaviar,https://api.spotify.com/v1/audio-analysis/2c7z5oRcPBbqRaBY2mLWcf,2c7z5oRcPBbqRaBY2mLWcf,NEW DROP,2024-06-14,0.0209,0Kzb3u6kMnOJOZXYFSk33F,0,4,217333,0.189,2c7z5oRcPBbqRaBY2mLWcf,modern,audio_features,37i9dQZF1DX0XUsuxWHRQd
0.709,78.53,0.749,hip-hop,-6.385,0.329,0.564,Real Boston Richey,4,0.259,73,https://api.spotify.com/v1/tracks/487JCvAXVblflZyDJn3fSp,spotify:track:487JCvAXVblflZyDJn3fSp,Help Me,RapCaviar,https://api.spotify.com/v1/audio-analysis/487JCvAXVblflZyDJn3fSp,487JCvAXVblflZyDJn3fSp,Help Me,2024-05-31,0,01JuX8fEX5ACudymzCB3O3,1,6,181166,0.155,487JCvAXVblflZyDJn3fSp,modern,audio_features,37i9dQZF1DX0XUsuxWHRQd
0.69,125.951,0.853,hip-hop,-5.858,0.0835,0.471,Drake,4,0.0647,78,https://api.spotify.com/v1/tracks/1560osUcXrnov6yuOjXvc1,spotify:track:1560osUcXrnov6yuOjXvc1,No Face,RapCaviar,https://api.spotify.com/v1/audio-analysis/1560osUcXrnov6yuOjXvc1,1560osUcXrnov6yuOjXvc1,No Face,2024-08-31,0,78NIQe42qKXahAeZAb3w0h,1,10,137143,0.0771,1560osUcXrnov6yuOjXvc1,modern,audio_features,37i9dQZF1DX0XUsuxWHRQd
0.754,131.001,0.863,hip-hop,-5.851,0.0913,0.301,Future,4,0.0611,77,https://api.spotify.com/v1/tracks/3aCPResPDNae3pXTocGpYe,spotify:track:3aCPResPDNae3pXTocGpYe,MIXTAPE PLUTO,RapCaviar,https://api.spotify.com/v1/audio-analysis/3aCPResPDNae3pXTocGpYe,3aCPResPDNae3pXTocGpYe,LIL DEMON,2024-09-20,0,4Zoxsc06EUHRf5GrJPJZ54,1,11,139197,0.00125,3aCPResPDNae3pXTocGpYe,modern,audio_features,37i9dQZF1DX0XUsuxWHRQd
0.4,106.682,0.608,hip-hop,-9.519,0.119,0.089,"Luh Tyler, BossMan Dlow",5,0.32,69,https://api.spotify.com/v1/tracks/62oLxos6R04SVYL1lXidvu,spotify:track:62oLxos6R04SVYL1lXidvu,Mr. Skii,RapCaviar,https://api.spotify.com/v1/audio-analysis/62oLxos6R04SVYL1lXidvu,62oLxos6R04SVYL1lXidvu,2 Slippery (feat. BossMan Dlow),2024-08-22,0.000327,4XqpSvwcjnoR5YP5lBLuTi,1,1,159228,0.029,62oLxos6R04SVYL1lXidvu,modern,audio_features,37i9dQZF1DX0XUsuxWHRQd
0.509,157.94,0.662,hip-hop,-9.159,0.266,0.549,"Lil Yachty, Veeze",4,0.322,70,https://api.spotify.com/v1/tracks/4lwfqyQXSDJ7kELpMErMih,spotify:track:4lwfqyQXSDJ7kELpMErMih,Sorry Not Sorry,RapCaviar,https://api.spotify.com/v1/audio-analysis/4lwfqyQXSDJ7kELpMErMih,4lwfqyQXSDJ7kELpMErMih,Sorry Not Sorry,2024-08-16,0,2Wu6YPeXdwiyqV5YulLf1W,1,1,136709,0.247,4lwfqyQXSDJ7kELpMErMih,modern,audio_features,37i9dQZF1DX0XUsuxWHRQd
0.663,143.082,0.76,hip-hop,-4.763,0.305,0.209,Playboi Carti,4,0.0551,81,https://api.spotify.com/v1/tracks/2cZOYofOX4d6g0OXxkaIjA,spotify:track:2cZOYofOX4d6g0OXxkaIjA,ALL RED,RapCaviar,https://api.spotify.com/v1/audio-analysis/2cZOYofOX4d6g0OXxkaIjA,2cZOYofOX4d6g0OXxkaIjA,ALL RED,2024-09-13,0,3cdcIcidzGHVQW5e9qQgtx,0,9,148053,0.109,2cZOYofOX4d6g0OXxkaIjA,modern,audio_features,37i9dQZF1DX0XUsuxWHRQd
0.761,147.216,0.649,hip-hop,-4.204,0.207,0.313,"Lil Tecca, Don Toliver",4,0.152,73,https://api.spotify.com/v1/tracks/1Ftb0PK0Qqwax3gofiMd2X,spotify:track:1Ftb0PK0Qqwax3gofiMd2X,PLAN A,RapCaviar,https://api.spotify.com/v1/audio-analysis/1Ftb0PK0Qqwax3gofiMd2X,1Ftb0PK0Qqwax3gofiMd2X,I CAN’T LET GO,2024-09-20,0,6uWva3kfeqqVIsNAJ2MmeL,1,8,150204,0.00694,1Ftb0PK0Qqwax3gofiMd2X,modern,audio_features,37i9dQZF1DX0XUsuxWHRQd
0.663,184.057,0.672,hip-hop,-5.984,0.134,0.381,Lil Uzi Vert,4,0.243,76,https://api.spotify.com/v1/tracks/4ppKM7xnkSAwSyKqD4QTY4,spotify:track:4ppKM7xnkSAwSyKqD4QTY4,Eternal Atake 2,RapCaviar,https://api.spotify.com/v1/audio-analysis/4ppKM7xnkSAwSyKqD4QTY4,4ppKM7xnkSAwSyKqD4QTY4,Chill Bae,2024-11-01,0,7awBKnBq0qRLNyD5lI47R0,1,3,138324,0.112,4ppKM7xnkSAwSyKqD4QTY4,modern,audio_features,37i9dQZF1DX0XUsuxWHRQd
0.681,114.991,0.884,hip-hop,-5.839,0.277,0.324,BigXthaPlug,4,0.149,69,https://api.spotify.com/v1/tracks/26TX1oZbaDeKxfTYDclSAo,spotify:track:26TX1oZbaDeKxfTYDclSAo,TAKE CARE,RapCaviar,https://api.spotify.com/v1/audio-analysis/26TX1oZbaDeKxfTYDclSAo,26TX1oZbaDeKxfTYDclSAo,2AM,2024-10-11,0,6LU7SYL9BWAt3TgEK4DdAc,1,8,184294,0.0439,26TX1oZbaDeKxfTYDclSAo,modern,audio_features,37i9dQZF1DX0XUsuxWHRQd
0.723,139.942,0.783,hip-hop,-4.881,0.159,0.294,"Drake, Young Thug, 21 Savage",4,0.135,76,https://api.spotify.com/v1/tracks/1qIwin7JMVuX70qN6wD8ww,spotify:track:1qIwin7JMVuX70qN6wD8ww,100 GIGS,RapCaviar,https://api.spotify.com/v1/audio-analysis/1qIwin7JMVuX70qN6wD8ww,1qIwin7JMVuX70qN6wD8ww,It's Up (feat. Young Thug & 21 Savage),2024-08-30,0,5oT8PMXGWiPlhcl930fkII,1,1,278001,0.0264,1qIwin7JMVuX70qN6wD8ww,modern,audio_features,37i9dQZF1DX0XUsuxWHRQd
0.831,139.905,0.652,hip-hop,-5.972,0.269,0.648,BabyChiefDoit,4,0.264,68,https://api.spotify.com/v1/tracks/2JapCT0xikq6Fy1PQiJz1C,spotify:track:2JapCT0xikq6Fy1PQiJz1C,The Viper,RapCaviar,https://api.spotify.com/v1/audio-analysis/2JapCT0xikq6Fy1PQiJz1C,2JapCT0xikq6Fy1PQiJz1C,The Viper,2024-09-20,0,3cQR7hyzZEbwAESuPEu8qR,0,10,150997,0.0111,2JapCT0xikq6Fy1PQiJz1C,modern,audio_features,37i9dQZF1DX0XUsuxWHRQd
0.525,75.013,0.776,hip-hop,-6.723,0.108,0.467,Latto,4,0.137,70,https://api.spotify.com/v1/tracks/1JF8LkQWZ8grXb2emqrNKn,spotify:track:1JF8LkQWZ8grXb2emqrNKn,Sugar Honey Iced Tea,RapCaviar,https://api.spotify.com/v1/audio-analysis/1JF8LkQWZ8grXb2emqrNKn,1JF8LkQWZ8grXb2emqrNKn,Brokey,2024-08-09,0,1S9LGRodo5jsXGsMeVaYNp,1,1,217613,0.0366,1JF8LkQWZ8grXb2emqrNKn,modern,audio_features,37i9dQZF1DX0XUsuxWHRQd
0.5,63.925,0.427,hip-hop,-8.269,0.127,0.269,Rod Wave,5,0.141,76,https://api.spotify.com/v1/tracks/0U60hgxzGit7juEuHul2y3,spotify:track:0U60hgxzGit7juEuHul2y3,Last Lap,RapCaviar,https://api.spotify.com/v1/audio-analysis/0U60hgxzGit7juEuHul2y3,0U60hgxzGit7juEuHul2y3,25,2024-10-11,0,4ffJTc6OVVJ7rr65r5CGbq,1,0,180000,0.286,0U60hgxzGit7juEuHul2y3,modern,audio_features,37i9dQZF1DX0XUsuxWHRQd
0.586,125.845,0.731,hip-hop,-7.564,0.0987,0.147,"NLE Choppa, 41, Kyle Richh",4,0.172,77,https://api.spotify.com/v1/tracks/3lUYO6zvXI88sNDpyKvIJ2,spotify:track:3lUYO6zvXI88sNDpyKvIJ2,Or What,RapCaviar,https://api.spotify.com/v1/audio-analysis/3lUYO6zvXI88sNDpyKvIJ2,3lUYO6zvXI88sNDpyKvIJ2,Or What,2024-09-06,0,0O5WgUe2bObIlk6R0nwOs2,0,1,199165,0.116,3lUYO6zvXI88sNDpyKvIJ2,modern,audio_features,37i9dQZF1DX0XUsuxWHRQd
0.552,144.941,0.64,hip-hop,-5.679,0.119,0.112,"Future, Metro Boomin, Travis Scott, Playboi Carti",4,0.129,84,https://api.spotify.com/v1/tracks/28drn6tQo95MRvO0jQEo5C,spotify:track:28drn6tQo95MRvO0jQEo5C,WE DON'T TRUST YOU,RapCaviar,https://api.spotify.com/v1/audio-analysis/28drn6tQo95MRvO0jQEo5C,28drn6tQo95MRvO0jQEo5C,Type Shit,2024-03-22,0,4iqbFIdGOTzXeDtt9owjQn,1,2,228267,0.0215,28drn6tQo95MRvO0jQEo5C,modern,audio_features,37i9dQZF1DX0XUsuxWHRQd
0.472,101.061,0.898,hip-hop,-7.001,0.141,0.214,Kendrick Lamar,4,0.0776,88,https://api.spotify.com/v1/tracks/6AI3ezQ4o3HUoP6Dhudph3,spotify:track:6AI3ezQ4o3HUoP6Dhudph3,Not Like Us,RapCaviar,https://api.spotify.com/v1/audio-analysis/6AI3ezQ4o3HUoP6Dhudph3,6AI3ezQ4o3HUoP6Dhudph3,Not Like Us,2024-05-04,0,5JjnoGJyOxfSZUZtk2rRwZ,1,1,274192,0.0107,6AI3ezQ4o3HUoP6Dhudph3,modern,audio_features,37i9dQZF1DX0XUsuxWHRQd
0.859,129.77,0.77,hip-hop,-3.382,0.673,0.64,"Tyler, The Creator, ScHoolboy Q, Santigold",4,0.275,85,https://api.spotify.com/v1/tracks/2aYHxnMF2umAavtgBvmkY1,spotify:track:2aYHxnMF2umAavtgBvmkY1,CHROMAKOPIA,RapCaviar,https://api.spotify.com/v1/audio-analysis/2aYHxnMF2umAavtgBvmkY1,2aYHxnMF2umAavtgBvmkY1,Thought I Was Dead (feat. ScHoolboy Q & Santigold),2024-10-28,0,0U28P0QVB1QRxpqp5IHOlH,0,10,207273,0.362,2aYHxnMF2umAavtgBvmkY1,modern,audio_features,37i9dQZF1DX0XUsuxWHRQd
0.685,121.991,0.731,hip-hop,-4.707,0.0865,0.458,"¥$, Playboi Carti, Don Toliver, Kodak Black",4,0.12,72,https://api.spotify.com/v1/tracks/3lCb7ZYE3Fvie4JOPqpXfY,spotify:track:3lCb7ZYE3Fvie4JOPqpXfY,FIELD TRIP,RapCaviar,https://api.spotify.com/v1/audio-analysis/3lCb7ZYE3Fvie4JOPqpXfY,3lCb7ZYE3Fvie4JOPqpXfY,FIELD TRIP,2024-08-03,0,73RJkZAkpUFHyGw4gTUQjK,0,11,167229,0.054,3lCb7ZYE3Fvie4JOPqpXfY,modern,audio_features,37i9dQZF1DX0XUsuxWHRQd
0.578,124.005,0.916,hip-hop,-6.275,0.113,0.192,Future,4,0.124,74,https://api.spotify.com/v1/tracks/2jnezASa7o0lP6aif6VrIf,spotify:track:2jnezASa7o0lP6aif6VrIf,MIXTAPE PLUTO,RapCaviar,https://api.spotify.com/v1/audio-analysis/2jnezASa7o0lP6aif6VrIf,2jnezASa7o0lP6aif6VrIf,TEFLON DON,2024-09-20,0.00402,4Zoxsc06EUHRf5GrJPJZ54,1,11,159894,0.00349,2jnezASa7o0lP6aif6VrIf,modern,audio_features,37i9dQZF1DX0XUsuxWHRQd
0.574,146.007,0.694,hip-hop,-6.144,0.082,0.286,Drake,4,0.0483,79,https://api.spotify.com/v1/tracks/1eroCliWpJrEu1V7VSObcO,spotify:track:1eroCliWpJrEu1V7VSObcO,100 GIGS,RapCaviar,https://api.spotify.com/v1/audio-analysis/1eroCliWpJrEu1V7VSObcO,1eroCliWpJrEu1V7VSObcO,Circadian Rhythm,2024-08-30,0,5oT8PMXGWiPlhcl930fkII,0,1,126356,0.193,1eroCliWpJrEu1V7VSObcO,modern,audio_features,37i9dQZF1DX0XUsuxWHRQd
0.867,131.041,0.902,hip-hop,-3.108,0.142,0.799,BigXthaPlug,4,0.225,68,https://api.spotify.com/v1/tracks/1F5Qp0SJS0QUfqIoQggrLz,spotify:track:1F5Qp0SJS0QUfqIoQggrLz,The Largest,RapCaviar,https://api.spotify.com/v1/audio-analysis/1F5Qp0SJS0QUfqIoQggrLz,1F5Qp0SJS0QUfqIoQggrLz,The Largest,2024-08-09,0,1pJj4lszz7C87NmizpZ144,0,10,132338,0.0678,1F5Qp0SJS0QUfqIoQggrLz,modern,audio_features,37i9dQZF1DX0XUsuxWHRQd
0.692,140.203,0.637,hip-hop,-7.231,0.345,0.427,Lil Uzi Vert,4,0.164,73,https://api.spotify.com/v1/tracks/3NE6g9h77FZbQqCLzUpGRt,spotify:track:3NE6g9h77FZbQqCLzUpGRt,Eternal Atake 2,RapCaviar,https://api.spotify.com/v1/audio-analysis/3NE6g9h77FZbQqCLzUpGRt,3NE6g9h77FZbQqCLzUpGRt,Light Year (Practice),2024-11-01,0,7awBKnBq0qRLNyD5lI47R0,0,1,164366,0.0153,3NE6g9h77FZbQqCLzUpGRt,modern,audio_features,37i9dQZF1DX0XUsuxWHRQd
0.478,104.563,0.675,hip-hop,-10.201,0.127,0.39,"Tee Grizzley, J. Cole",4,0.512,69,https://api.spotify.com/v1/tracks/3rXlcLZk3MCaRPND5g9QiW,spotify:track:3rXlcLZk3MCaRPND5g9QiW,Blow for Blow (feat. J. Cole),RapCaviar,https://api.spotify.com/v1/audio-analysis/3rXlcLZk3MCaRPND5g9QiW,3rXlcLZk3MCaRPND5g9QiW,Blow for Blow (feat. J. Cole),2024-09-27,7.8e-06,3X327wwUvZhYQYlA6cfk9S,1,1,210286,0.0731,3rXlcLZk3MCaRPND5g9QiW,modern,audio_features,37i9dQZF1DX0XUsuxWHRQd
0.878,82.557,0.661,hip-hop,-4.099,0.381,0.514,"Tyler, The Creator",4,0.31,87,https://api.spotify.com/v1/tracks/5RePVWy39tLpHH0WwXgBsK,spotify:track:5RePVWy39tLpHH0WwXgBsK,CHROMAKOPIA,RapCaviar,https://api.spotify.com/v1/audio-analysis/5RePVWy39tLpHH0WwXgBsK,5RePVWy39tLpHH0WwXgBsK,Rah Tah Tah,2024-10-28,0,0U28P0QVB1QRxpqp5IHOlH,1,1,165413,0.00289,5RePVWy39tLpHH0WwXgBsK,modern,audio_features,37i9dQZF1DX0XUsuxWHRQd
0.396,78.022,0.726,hip-hop,-9.121,0.527,0.413,Juice WRLD,4,0.283,73,https://api.spotify.com/v1/tracks/2FRc9wqgIjg2E3bH13ww6U,spotify:track:2FRc9wqgIjg2E3bH13ww6U,The Pre-Party (Extended),RapCaviar,https://api.spotify.com/v1/audio-analysis/2FRc9wqgIjg2E3bH13ww6U,2FRc9wqgIjg2E3bH13ww6U,Both Ways,2024-10-14,0,51ojViy1d9Siz28EF08d49,0,5,197428,0.269,2FRc9wqgIjg2E3bH13ww6U,modern,audio_features,37i9dQZF1DX0XUsuxWHRQd
0.711,117.038,0.974,hip-hop,-5.206,0.0888,0.328,Doechii,4,0.194,72,https://api.spotify.com/v1/tracks/2dKkVF2m160z0RNDN2dddc,spotify:track:2dKkVF2m160z0RNDN2dddc,Alligator Bites Never Heal,RapCaviar,https://api.spotify.com/v1/audio-analysis/2dKkVF2m160z0RNDN2dddc,2dKkVF2m160z0RNDN2dddc,NISSAN ALTIMA,2024-08-30,3.92e-05,60UzB8mOCMpc7xkuJE6Bwc,0,11,126832,0.0988,2dKkVF2m160z0RNDN2dddc,modern,audio_features,37i9dQZF1DX0XUsuxWHRQd
0.527,77.499,0.824,hip-hop,-5.506,0.368,0.212,A$AP Rocky,4,0.118,74,https://api.spotify.com/v1/tracks/5xMjhZKSo8yh5r9b5vrYRr,spotify:track:5xMjhZKSo8yh5r9b5vrYRr,Tailor Swif,RapCaviar,https://api.spotify.com/v1/audio-analysis/5xMjhZKSo8yh5r9b5vrYRr,5xMjhZKSo8yh5r9b5vrYRr,Tailor Swif,2024-08-30,0,5r4bE2O6LCLBTjT42RBXwg,1,8,155391,0.149,5xMjhZKSo8yh5r9b5vrYRr,modern,audio_features,37i9dQZF1DX0XUsuxWHRQd
0.752,158.042,0.638,hip-hop,-6.227,0.17,0.242,Yeat,4,0.0385,72,https://api.spotify.com/v1/tracks/32ioWMgkyA6mFcXJMggBoz,spotify:track:32ioWMgkyA6mFcXJMggBoz,LYFESTYLE,RapCaviar,https://api.spotify.com/v1/audio-analysis/32ioWMgkyA6mFcXJMggBoz,32ioWMgkyA6mFcXJMggBoz,GEEK TIMË,2024-10-18,0.734,70CmTAk7pocCYr4lwuDtOc,0,1,170188,0.0066,32ioWMgkyA6mFcXJMggBoz,modern,audio_features,37i9dQZF1DX0XUsuxWHRQd
0.826,108.52,0.654,hip-hop,-2.93,0.131,0.417,50 Cent,5,0.354,71,https://api.spotify.com/v1/tracks/2I9foKseoFQh07p6sD2voE,spotify:track:2I9foKseoFQh07p6sD2voE,Get Rich Or Die Tryin',Gangster Rap,https://api.spotify.com/v1/audio-analysis/2I9foKseoFQh07p6sD2voE,2I9foKseoFQh07p6sD2voE,Many Men (Wish Death),2003-02-06,0.00146,4ycNE7y1rp5215g1kkqk1P,0,6,256227,0.0153,2I9foKseoFQh07p6sD2voE,gangster,audio_features,6mODZNt8CYYEBrWAyS5vs4
0.472,101.061,0.898,hip-hop,-7.001,0.141,0.214,Kendrick Lamar,4,0.0776,88,https://api.spotify.com/v1/tracks/6AI3ezQ4o3HUoP6Dhudph3,spotify:track:6AI3ezQ4o3HUoP6Dhudph3,Not Like Us,Gangster Rap,https://api.spotify.com/v1/audio-analysis/6AI3ezQ4o3HUoP6Dhudph3,6AI3ezQ4o3HUoP6Dhudph3,Not Like Us,2024-05-04,0,5JjnoGJyOxfSZUZtk2rRwZ,1,1,274192,0.0107,6AI3ezQ4o3HUoP6Dhudph3,gangster,audio_features,6mODZNt8CYYEBrWAyS5vs4
0.764,140.113,0.882,hip-hop,-5.241,0.119,0.886,"Central Cee, Lil Baby",4,0.204,81,https://api.spotify.com/v1/tracks/7iabz12vAuVQYyekFIWJxD,spotify:track:7iabz12vAuVQYyekFIWJxD,BAND4BAND (feat. Lil Baby),Gangster Rap,https://api.spotify.com/v1/audio-analysis/7iabz12vAuVQYyekFIWJxD,7iabz12vAuVQYyekFIWJxD,BAND4BAND (feat. Lil Baby),2024-05-23,0,4AzPr5SUpNF553eC1d3aRy,1,11,140733,0.359,7iabz12vAuVQYyekFIWJxD,gangster,audio_features,6mODZNt8CYYEBrWAyS5vs4
0.552,144.941,0.64,hip-hop,-5.679,0.119,0.112,"Future, Metro Boomin, Travis Scott, Playboi Carti",4,0.129,84,https://api.spotify.com/v1/tracks/28drn6tQo95MRvO0jQEo5C,spotify:track:28drn6tQo95MRvO0jQEo5C,WE DON'T TRUST YOU,Gangster Rap,https://api.spotify.com/v1/audio-analysis/28drn6tQo95MRvO0jQEo5C,28drn6tQo95MRvO0jQEo5C,Type Shit,2024-03-22,0,4iqbFIdGOTzXeDtt9owjQn,1,2,228267,0.0215,28drn6tQo95MRvO0jQEo5C,gangster,audio_features,6mODZNt8CYYEBrWAyS5vs4
0.632,123.987,0.848,hip-hop,-7.381,0.282,0.253,"41, Kyle Richh, Jenn Carter, TaTa",4,0.277,68,https://api.spotify.com/v1/tracks/1haa8GXT0cl9wzRnpZG0YH,spotify:track:1haa8GXT0cl9wzRnpZG0YH,41 World: Not The Album,Gangster Rap,https://api.spotify.com/v1/audio-analysis/1haa8GXT0cl9wzRnpZG0YH,1haa8GXT0cl9wzRnpZG0YH,"Bent (with Kyle Richh, Jenn Carter & TaTa)",2023-11-17,0,1xfZEllNKEGORjebzxus4t,1,2,171198,0.398,1haa8GXT0cl9wzRnpZG0YH,gangster,audio_features,6mODZNt8CYYEBrWAyS5vs4
0.805,142.096,0.548,hip-hop,-5.732,0.408,0.649,Pop Smoke,4,0.351,76,https://api.spotify.com/v1/tracks/79s5XnCN4TJKTVMSmOx8Ep,spotify:track:79s5XnCN4TJKTVMSmOx8Ep,Meet The Woo,Gangster Rap,https://api.spotify.com/v1/audio-analysis/79s5XnCN4TJKTVMSmOx8Ep,79s5XnCN4TJKTVMSmOx8Ep,Dior,2019-07-26,0.000405,6d1vGZsr6Uy3h9IigBpPAf,1,7,216387,0.212,79s5XnCN4TJKTVMSmOx8Ep,gangster,audio_features,6mODZNt8CYYEBrWAyS5vs4
0.631,121.854,0.772,hip-hop,-5.082,0.129,0.433,"Offset, Travis Scott",4,0.0431,70,https://api.spotify.com/v1/tracks/2Gk6fi0dqt91NKvlzGsmm7,spotify:track:2Gk6fi0dqt91NKvlzGsmm7,SET IT OFF,Gangster Rap,https://api.spotify.com/v1/audio-analysis/2Gk6fi0dqt91NKvlzGsmm7,2Gk6fi0dqt91NKvlzGsmm7,SAY MY GRACE (feat. Travis Scott),2023-10-13,0,1D1hLipjrdB6pnxurMtC3E,1,10,173253,0.0648,2Gk6fi0dqt91NKvlzGsmm7,gangster,audio_features,6mODZNt8CYYEBrWAyS5vs4
0.702,125.089,0.871,hip-hop,-8.025,0.0912,0.675,Lil Loaded,4,0.253,69,https://api.spotify.com/v1/tracks/3WCXvxgQ7U3mznWsQjiEMu,spotify:track:3WCXvxgQ7U3mznWsQjiEMu,6locc 6a6y,Gangster Rap,https://api.spotify.com/v1/audio-analysis/3WCXvxgQ7U3mznWsQjiEMu,3WCXvxgQ7U3mznWsQjiEMu,6locc 6a6y,2019-12-06,0,6E3aLqi7SbbT7O78TNRtLP,1,5,131286,0.296,3WCXvxgQ7U3mznWsQjiEMu,gangster,audio_features,6mODZNt8CYYEBrWAyS5vs4
0.57,142.974,0.787,hip-hop,-5.881,0.135,0.733,"Lil Durk, J. Cole",4,0.225,69,https://api.spotify.com/v1/tracks/6HgWWaMu31KdOpEG5l28BG,spotify:track:6HgWWaMu31KdOpEG5l28BG,All My Life (feat. J. Cole),Gangster Rap,https://api.spotify.com/v1/audio-analysis/6HgWWaMu31KdOpEG5l28BG,6HgWWaMu31KdOpEG5l28BG,All My Life (feat. J. Cole),2023-05-12,0,0lZQagJ5r0crB35zphSD4A,1,3,223879,0.0449,6HgWWaMu31KdOpEG5l28BG,gangster,audio_features,6mODZNt8CYYEBrWAyS5vs4
0.583,116.624,0.709,hip-hop,-5.298,0.195,0.533,"Metro Boomin, Future, Chris Brown",4,0.204,79,https://api.spotify.com/v1/tracks/0vjeOZ3Ft5jvAi9SBFJm1j,spotify:track:0vjeOZ3Ft5jvAi9SBFJm1j,HEROES & VILLAINS,Gangster Rap,https://api.spotify.com/v1/audio-analysis/0vjeOZ3Ft5jvAi9SBFJm1j,0vjeOZ3Ft5jvAi9SBFJm1j,Superhero (Heroes & Villains) [with Future & Chris Brown],2022-12-02,2.97e-06,7txGsnDSqVMoRl6RQ9XyZP,0,5,182667,0.138,0vjeOZ3Ft5jvAi9SBFJm1j,gangster,audio_features,6mODZNt8CYYEBrWAyS5vs4
0.592,159.98,0.82,hip-hop,-7.002,0.121,0.4,King Von,4,0.29,78,https://api.spotify.com/v1/tracks/7fEoXCZTZFosUFvFQg1BmW,spotify:track:7fEoXCZTZFosUFvFQg1BmW,Levon James,Gangster Rap,https://api.spotify.com/v1/audio-analysis/7fEoXCZTZFosUFvFQg1BmW,7fEoXCZTZFosUFvFQg1BmW,Took Her To The O,2020-03-06,4.71e-06,1ZRAeQ6zsPJ5W1K3DvpRpP,1,1,196180,0.0149,7fEoXCZTZFosUFvFQg1BmW,gangster,audio_features,6mODZNt8CYYEBrWAyS5vs4
0.68,144.006,0.85,hip-hop,-6.18,0.0964,0.694,Central Cee,1,0.338,70,https://api.spotify.com/v1/tracks/4vzJrkfHbCGaodPA5RY5BV,spotify:track:4vzJrkfHbCGaodPA5RY5BV,Wild West,Gangster Rap,https://api.spotify.com/v1/audio-analysis/4vzJrkfHbCGaodPA5RY5BV,4vzJrkfHbCGaodPA5RY5BV,Loading,2021-03-12,0,0aAVMtHuK9wX1mQozWvdSZ,0,3,173333,0.732,4vzJrkfHbCGaodPA5RY5BV,gangster,audio_features,6mODZNt8CYYEBrWAyS5vs4
0.758,165.409,0.681,hip-hop,-6.524,0.555,0.331,"21 Savage, Travis Scott, Metro Boomin",4,0.188,73,https://api.spotify.com/v1/tracks/2yUzr8Sr6ldG8vmHhZwTnz,spotify:track:2yUzr8Sr6ldG8vmHhZwTnz,american dream,Gangster Rap,https://api.spotify.com/v1/audio-analysis/2yUzr8Sr6ldG8vmHhZwTnz,2yUzr8Sr6ldG8vmHhZwTnz,née-nah,2024-01-12,0,2RRYaYHY7fIIdvFlvgb5vq,1,1,220584,0.00465,2yUzr8Sr6ldG8vmHhZwTnz,gangster,audio_features,6mODZNt8CYYEBrWAyS5vs4
0.413,131.964,0.772,hip-hop,-8.194,0.111,0.211,Chief Keef,4,0.0891,77,https://api.spotify.com/v1/tracks/01Lr5YepbgjXAWR9iOEyH1,spotify:track:01Lr5YepbgjXAWR9iOEyH1,Finally Rich,Gangster Rap,https://api.spotify.com/v1/audio-analysis/01Lr5YepbgjXAWR9iOEyH1,01Lr5YepbgjXAWR9iOEyH1,Love Sosa,2012-01-01,0,2B4y3j02ho6XNF8BEzx3JF,0,0,246213,0.0361,01Lr5YepbgjXAWR9iOEyH1,gangster,audio_features,6mODZNt8CYYEBrWAyS5vs4
0.658,151.951,0.752,hip-hop,-6.297,0.0927,0.387,"Future, Lil Uzi Vert",4,0.342,70,https://api.spotify.com/v1/tracks/0k7wmahjkn389wAZdz19Cv,spotify:track:0k7wmahjkn389wAZdz19Cv,Pluto x Baby Pluto,Gangster Rap,https://api.spotify.com/v1/audio-analysis/0k7wmahjkn389wAZdz19Cv,0k7wmahjkn389wAZdz19Cv,Drankin N Smokin,2020-11-13,0,48xpWR8K6CGpy3ETAym3pt,1,0,213520,0.0421,0k7wmahjkn389wAZdz19Cv,gangster,audio_features,6mODZNt8CYYEBrWAyS5vs4
0.732,142.791,0.548,hip-hop,-5.652,0.269,0.612,Pop Smoke,4,0.336,71,https://api.spotify.com/v1/tracks/792HwhrdO3ErRKL5yRe4Ge,spotify:track:792HwhrdO3ErRKL5yRe4Ge,Meet The Woo 2,Gangster Rap,https://api.spotify.com/v1/audio-analysis/792HwhrdO3ErRKL5yRe4Ge,792HwhrdO3ErRKL5yRe4Ge,Invincible,2020-02-07,0,4MZnolldq7ciKKlbVDzLm5,0,11,127547,0.125,792HwhrdO3ErRKL5yRe4Ge,gangster,audio_features,6mODZNt8CYYEBrWAyS5vs4
0.676,143.477,0.594,hip-hop,-5.808,0.163,0.472,"JACKBOYS, Pop Smoke, Travis Scott",4,0.344,69,https://api.spotify.com/v1/tracks/40mjsnRjCpycdUw3xhS20g,spotify:track:40mjsnRjCpycdUw3xhS20g,JACKBOYS,Gangster Rap,https://api.spotify.com/v1/audio-analysis/40mjsnRjCpycdUw3xhS20g,40mjsnRjCpycdUw3xhS20g,GATTI,2019-12-27,0,1Sf8GsXG32t0jNrX11xqWx,1,2,181145,0.135,40mjsnRjCpycdUw3xhS20g,gangster,audio_features,6mODZNt8CYYEBrWAyS5vs4
0.618,99.7,0.49,hip-hop,-5.655,0.259,0.286,"Pop Smoke, 50 Cent, Roddy Ricch",4,0.104,68,https://api.spotify.com/v1/tracks/1H7KnK26kc1YyellpbINEn,spotify:track:1H7KnK26kc1YyellpbINEn,Shoot For The Stars Aim For The Moon,Gangster Rap,https://api.spotify.com/v1/audio-analysis/1H7KnK26kc1YyellpbINEn,1H7KnK26kc1YyellpbINEn,The Woo (feat. 50 Cent & Roddy Ricch),2020-07-03,3.77e-06,7e7t0MCrNDcJZsPwUKjmOc,1,1,201600,0.0221,1H7KnK26kc1YyellpbINEn,gangster,audio_features,6mODZNt8CYYEBrWAyS5vs4
0.35,77.528,0.822,hip-hop,-12.207,0.0757,0.346,Polo G,4,0.574,68,https://api.spotify.com/v1/tracks/3UnYMo1aeD0o8VtHy3R8cs,spotify:track:3UnYMo1aeD0o8VtHy3R8cs,Neva Cared,Gangster Rap,https://api.spotify.com/v1/audio-analysis/3UnYMo1aeD0o8VtHy3R8cs,3UnYMo1aeD0o8VtHy3R8cs,Neva Cared,2018-03-11,0,46MjqBDVvTxenDxf79Ta5S,0,1,186000,0.0213,3UnYMo1aeD0o8VtHy3R8cs,gangster,audio_features,6mODZNt8CYYEBrWAyS5vs4
0.946,150.141,0.804,hip-hop,-5.949,0.359,0.745,Key Glock,4,0.352,70,https://api.spotify.com/v1/tracks/1ipSpQfzBbhPFhYm6tfVIz,spotify:track:1ipSpQfzBbhPFhYm6tfVIz,Yellow Tape,Gangster Rap,https://api.spotify.com/v1/audio-analysis/1ipSpQfzBbhPFhYm6tfVIz,1ipSpQfzBbhPFhYm6tfVIz,Mr. Glock,2020-01-31,0,12GZ5ewBjyylguigbdmqJ9,1,7,146880,0.002,1ipSpQfzBbhPFhYm6tfVIz,gangster,audio_features,6mODZNt8CYYEBrWAyS5vs4
0.626,143.01,0.819,hip-hop,-4.574,0.167,0.415,"21 Savage, Metro Boomin",4,0.202,78,https://api.spotify.com/v1/tracks/5SWnsxjhdcEDc7LJjq9UHk,spotify:track:5SWnsxjhdcEDc7LJjq9UHk,SAVAGE MODE II,Gangster Rap,https://api.spotify.com/v1/audio-analysis/5SWnsxjhdcEDc7LJjq9UHk,5SWnsxjhdcEDc7LJjq9UHk,Runnin,2020-10-02,0.101,6wTyGUWGCilBFZ837k5aRi,0,10,195906,0.00748,5SWnsxjhdcEDc7LJjq9UHk,gangster,audio_features,6mODZNt8CYYEBrWAyS5vs4
